precursor,fragment,ion,standard_ion,CTRL_n1_1,CTRL_n1_2,CTRL_n1_3,Lyso0min_n1_1,Lyso0min_n1_2,Lyso0min_n1_3,Lyso10min_n1_1,Lyso10min_n1_2,Lyso10min_n1_3,Lyso20min_n1_1,Lyso20min_n1_2,Lyso20min_n1_3,Lyso5min_n1_1,Lyso5min_n1_2,Lyso5min_n1_3
464.2,377.205,LysoPS14:2,PS31:1,0,0,0,0,0,0,0,0,0,0,0,0,0,0,0
466.22,379.225,LysoPS14:1,PS31:1,13.655,15.635,16.755,18.525,19.995,18.845,15.955,13.615,14.4,18.225,10.905,18.605,18.79,15.99,11.05
468.24,381.235,LysoPS14:0,PS31:1,0,0.06,0,0,0.05,0,0,0.185,0,0,0,0,0,0.06,0
492.24,405.235,LysoPS16:2,PS31:1,0,0,0,0,0,0,0,0,0,0,0,0,0,0,0
494.25,407.255,LysoPS16:1,PS31:1,0.3,0.7,0.405,0.78,0.43,0.955,0.19,0.54,0.79,0.235,0.505,0.62,0.995,0.365,0.495
496.27,409.275,LysoPS16:0,PS31:1,2.63,5.15,4.755,3.985,4.725,3.75,3.915,2.325,3.05,2.535,3.415,2.155,5.205,2.73,3.735
520.27,433.275,LysoPS18:2,PS31:1,0,0,0,0,0,0,0,0,0,0,0,0,0,0,0
522.28,435.285,LysoPS18:1,PS31:1,8.29,13.645,12.295,11.96,12.07,8.685,6.25,7.895,6.22,6.97,7.99,9.345,16.965,8.725,8.88
524.3,437.305,LysoPS18:0,PS31:1,13.425,17.03,21.34,25.29,19.045,23.495,12.1,15.215,21.04,18.855,12.515,16.18,24.275,21.015,19.465
539.23,241.045,LysoPI14:2,PI31:1,0,0.24,0.39,0,0,0,0,0,0,0,0,0,0,0,0
541.24,241.045,LysoPI14:1,PI31:1,0.715,2.45,1.19,1.31,0.61,1.605,1.215,1.48,0.915,1.13,0.34,1.255,0.58,1.41,0.935
543.26,241.045,LysoPI14:0,PI31:1,0,0,0,0,0,0,0,0,0,0,0,0,0,0,0
548.3,461.305,LysoPS20:2,PS31:1,0,0,0,0,0,0,0,0,0,0,0,0,0,0,0
550.31,463.315,LysoPS20:1,PS31:1,0.23,0.185,0.14,0.675,0.345,0.655,0.36,0.415,0.38,0.105,0.315,0.385,0.325,0.545,0.29
552.33,465.335,LysoPS20:0,PS31:1,0,0,0.055,0.215,0,0,0,0,0.11,0,0,0,0,0,0
567.26,241.045,LysoPI16:2,PI31:1,0,0,0,0,0,0,0,0,0,0,0,0,0,0,0
569.27,241.045,LysoPI16:1,PI31:1,2.455,10.195,6.07,4.175,8.745,4.14,1.52,2.34,4.34,3.515,1.85,3.08,4.7,3.23,2.905
571.29,241.045,LysoPI16:0,PI31:1,7.26,16,13.845,11.23,16.485,12.74,12.22,11.38,34.705,14.6,8.38,12.43,19.515,18.985,20.42
576.33,489.335,LysoPS22:2,PS31:1,0,0,0,0,0,0,0,0,0,0,0,0,0,0,0
578.35,491.345,LysoPS22:1,PS31:1,0,0.115,0.195,0,0.2,0.25,0.07,0.125,0.14,0.185,0.14,0.065,0.295,0.035,0.09
580.36,493.365,LysoPS22:0,PS31:1,0.07,0,0,0,0,0.055,0.09,0.125,0.13,0.135,0,0.06,0.245,0.075,0
595.29,241.045,LysoPI18:2,PI31:1,0,0.855,0.67,0.5,0.17,0.525,0,0.425,0.915,0.145,0.135,0,0.535,0.13,0.415
597.3,241.045,LysoPI18:1,PI31:1,95.29,148.25,149.7,123.605,150.965,142.045,117.49,150.16,291.26,135.23,83.02,130.865,144.885,163.69,172.275
599.32,241.045,LysoPI18:0,PI31:1,108.515,214.165,223.405,163.075,196.36,181.14,226.79,232.965,502.525,197.37,166.09,215.83,200,268.325,253.145
619.92,227.235,CL56:0,CL56:0,3500,3500,3500,3500,3500,3500,3500,3500,3500,3500,3500,3500,3500,3500,3500
623.32,241.045,LysoPI20:2,PI31:1,2.04,5.565,1.475,3.72,4.065,3.775,2.04,1.675,4.195,2.87,0.6,0.865,2.79,5.035,1.645
625.34,241.045,LysoPI20:1,PI31:1,3.225,4.17,4.47,4.105,4.49,3.575,4.12,7.19,7.78,5.2,3.255,3.01,4.49,8.59,4.52
627.35,241.045,LysoPI20:0,PI31:1,2.405,12.375,5.61,5.73,3.595,2.72,5.435,4.89,8.285,6.71,6.26,3.82,4.27,3.615,5.67
651.35,241.045,LysoPI22:2,PI31:1,1.255,2.425,1.23,0.495,1.73,2.33,0.805,0.81,0.41,1.96,1.03,1.17,2.38,1.715,2.06
653.37,241.045,LysoPI22:1,PI31:1,0.505,2.81,1.12,0.77,1.03,1.525,0.675,0.75,2.375,1.345,0.685,0.47,0.64,1.47,1.92
655.38,241.045,LysoPI22:0,PI31:1,1.91,6.11,5.395,3.54,7.815,5.095,3.695,3.56,7.34,2.6,0.785,1.825,2.875,3.735,7.005
666.34,579.345,PS28:6,PS31:1,0,0,0,0.225,0.27,0.13,0,0,0.16,0,0,0,0.11,0.075,0
668.36,581.355,PS28:5,PS31:1,0,0,0,0,0,0,0,0,0,0,0,0,0,0,0
670.37,583.375,PS28:4,PS31:1,0,0,0,0,0,0,0,0,0,0,0,0,0,0,0
672.39,585.395,PS28:3,PS31:1,0,0,0,0,0,0,0,0,0,0,0,0,0,0,0
674.4,587.405,PS28:2,PS31:1,0.195,0.16,0.495,0.165,0.185,0.205,0.285,0.345,0.33,0.335,0.23,0.25,0,0.22,0.59
676.42,589.425,PS28:1,PS31:1,0,0.115,0.155,0,0.115,0,0,0.05,0.14,0,0.145,0,0.045,0.055,0
678.43,591.435,PS28:0,PS31:1,1.31,0.555,0.28,0.78,1.43,0.63,0.54,0.43,1.55,0.615,1.48,0.27,1.005,1.165,0.515
680.39,593.395,PS(O-)30:6,PS31:1,0,0.08,0,0.055,0,0.13,0,0,0,0.06,0.05,0,0.1,0.1,0.21
682.41,595.415,PS(O-)30:5,PS31:1,0,0,0,0,0,0,0,0,0,0,0,0,0,0,0
684.42,597.425,PS(O-)30:4,PS31:1,0,0,0,0,0,0,0,0,0,0,0,0,0,0,0
686.44,599.445,PS(O-)30:3,PS31:1,0,0,0,0,0,0,0,0,0,0,0,0,0,0,0
688.46,601.455,PS(O-)30:2,PS31:1,0,0,0,0,0,0,0,0,0,0,0,0,0,0,0
690.47,603.475,PS(O-)30:1,PS31:1,1.155,1.65,1.63,0.52,0.825,1.125,1.285,1.385,0.82,0.915,0.755,0.675,0.56,1.135,0.71
692.49,605.485,PS(O-)30:0,PS31:1,4.475,5.56,4.89,4.69,6.09,6.235,4.555,3.67,5.56,6.205,6.355,5.28,5.065,4.355,3.91
694.37,607.375,PS30:6,PS31:1,0.08,0.06,0.315,0.195,0.18,0.07,0.325,0.05,0,0.095,0.305,0,0.165,0.245,0.19
696.39,609.395,PS30:5,PS31:1,0,0,0,0,0,0,0,0,0,0,0,0,0,0,0
697.97,253.255,CL68:6_C16:1,CL56:0,37.415,46.865,31.735,42.335,44.09,33.45,41.205,50.725,45.81,40.885,41.905,43.82,45.935,42.12,41.26
697.97,279.265,CL68:6_C18:2,CL56:0,11.485,12.34,7.825,8.865,8.41,6.625,10.325,8.705,7.55,7.845,6.68,9.775,8.87,7.065,8.36
698.4,611.405,PS30:4,PS31:1,0,0,0,0,0,0,0,0,0,0,0,0,0,0,0
698.98,253.255,CL68:5_C16:1,CL56:0,385.98,462.24,369.49,385.39,380.845,365.03,428.505,381.235,376.21,389.955,374.36,412.67,438.185,397.08,440.965
698.98,255.265,CL68:5_C16:0,CL56:0,0.34,0.445,0.805,0,0,0.37,0,0,0,0,0,0.305,0,0,0.31
698.98,279.265,CL68:5_C18:2,CL56:0,140.145,144.43,99.86,111.55,130.9,113.93,142.02,126.35,130.085,126.265,119.71,134.255,139.075,137.95,131.535
698.98,281.285,CL68:5_C18:1,CL56:0,198.115,181.005,161.52,181.895,193.875,162.575,208.345,195.765,203.32,190.05,187.62,164.505,212.97,182.93,181.545
699.99,253.255,CL68:4_C16:1,CL56:0,1535.99,1476.345,1164.765,1416.195,1525.91,1493.83,1826.775,1715.09,1656.74,1773.855,1816.005,1802.055,1820.4,1569.7,1662.045
699.99,255.265,CL68:4_C16:0,CL56:0,14.165,12.06,11.255,13.525,12.48,11.525,11.255,12.295,13.26,14.32,9.76,9.73,13.885,12.28,9.91
699.99,279.265,CL68:4_C18:2,CL56:0,29.76,26.555,21.705,28.93,29.095,28.155,34.755,29.39,28.135,30.155,32.985,31.625,30.405,24.525,34.785
699.99,281.285,CL68:4_C18:1,CL56:0,1882.685,2004.045,1532.12,1898.67,2054.15,1898.17,2177.63,2114.275,2108.845,2273.485,2394.425,2213.8,2307.56,2131.76,2047.995
700.42,613.425,PS30:3,PS31:1,0,0,0,0,0,0,0,0,0,0,0,0,0,0,0
700.99,253.255,CL68:3_C16:1,CL56:0,260.385,232.99,220.4,237.845,255.57,250.805,292.405,270.985,287.495,258.315,309.155,295.275,293.465,252.54,275.215
700.99,255.265,CL68:3_C16:0,CL56:0,169.395,154.58,126.235,163.105,171.155,168.16,173.375,178.65,173.34,174.7,175.445,189.88,176.755,185.81,159.185
700.99,279.265,CL68:3_C18:2,CL56:0,1.075,2.005,1.335,1.325,1.555,0.885,1.72,1.64,1.025,1.535,0.87,1.03,2.285,2.12,1.91
700.99,281.285,CL68:3_C18:1,CL56:0,741.935,694.52,568.575,749.995,782.15,692.75,819.705,805.21,835.47,801.49,846.68,849.21,938.84,789.695,826.96
702.43,615.435,PS30:2,PS31:1,0,0,0,0,0.07,0,0,0,0.33,0.06,0,0,0,0,0
704.45,617.455,PS30:1,PS31:1,13.865,15.255,14.655,16.81,16.425,14.63,15.015,15.19,15.99,13.495,12.755,10.795,15.385,16.885,12.485
706.47,619.465,PS30:0,PS31:1,35.23,45.575,29.87,30.325,29.21,32.2,24.015,23.835,32.28,22.54,24.81,21.79,27.605,36.98,33.24
708.42,621.425,PS(O-)32:6,PS31:1,0.9,1.56,1.155,1.595,2.01,0.47,0.965,0.72,1.32,0.595,0.595,0.47,0.51,1.195,0.895
710.44,623.445,PS(O-)32:5,PS31:1,0,0,0,0,0,0,0,0,0,0,0,0,0,0,0
710.98,253.255,CL70:7_C16:1,CL56:0,16.14,17.475,12.605,15.625,16.28,12.45,16.6,14.24,15.12,16.46,17.13,13.31,18.125,15.24,15.87
710.98,279.265,CL70:7_C18:2,CL56:0,8.14,6.04,6.825,5.775,6.555,4.41,4.195,7.73,7.37,4.725,5.01,4.9,5.465,6.025,4.79
711.99,253.255,CL70:6_C16:1,CL56:0,75.37,88.24,65.305,79.975,83.56,76.11,79.125,82.565,81.75,73.26,76.625,68.58,75.435,85.435,82.87
711.99,255.265,CL70:6_C16:0,CL56:0,0.83,0,0.27,0,0,0,0,0,0,0.97,0,0,0.425,0,0
711.99,279.265,CL70:6_C18:2,CL56:0,60.18,74.17,52.975,57.23,67.06,53.015,63.6,57.6,68.425,59.265,44.64,45.875,62.55,54.66,55.915
711.99,281.285,CL70:6_C18:1,CL56:0,97.745,104.575,79.41,93.465,99.465,93.53,99.465,102.23,115.65,103.96,90.2,98.635,106.075,88.69,96.13
712.46,625.455,PS(O-)32:4,PS31:1,0,0,0,0,0,0,0,0,0,0,0,0,0,0,0
712.99,253.255,CL70:5_C16:1,CL56:0,342.915,305.85,251.11,287.91,307.16,300.57,344.94,330.765,351.52,334.765,314.31,342.5,360.3,332.86,337.065
712.99,255.265,CL70:5_C16:0,CL56:0,4.025,3.335,2.04,1.52,2.535,2.685,2.005,3.065,2.06,1.225,2.26,2.525,2.46,2.405,2.325
712.99,279.265,CL70:5_C18:2,CL56:0,279.555,280.69,226.785,261.29,279.175,276.49,306.055,311.815,308.725,306.375,288.555,268.825,288.855,298.14,316.555
712.99,281.285,CL70:5_C18:1,CL56:0,1065.765,986.59,841.935,1047.4,1045.04,996.61,1163.16,1033.82,1117.335,1088.535,1020.45,1035.735,1193.69,1085.935,1124.75
714,255.265,CL70:4_C16:0,CL56:0,31.015,25.98,23.75,28.97,32.82,25.155,27.15,29.61,32.125,26.965,31.81,25.31,28.455,29.04,32.015
714,279.265,CL70:4_C18:2,CL56:0,49.23,46.485,39.68,40.65,40.89,36.51,45.935,40.025,46.275,45.845,43.5,47.165,47.94,42.065,45.415
714,281.285,CL70:4_C18:1,CL56:0,1748.99,1683.925,1375.18,1741.545,1636.905,1634.13,2000.51,1803.025,1930.085,1929.825,1886.68,1967.975,2059.125,1955.16,1869.725
714.47,627.475,PS(O-)32:3,PS31:1,0,0,0,0,0,0,0,0,0,0,0,0.135,0,0,0
715.01,255.265,CL70:3_C16:0,CL56:0,46.54,41.99,35.9,42.065,45.94,38.55,47.395,42.97,49.9,44.84,49.5,49.185,52.915,53.23,57.445
715.01,281.285,CL70:3_C18:1,CL56:0,371.93,356.89,303.105,387.82,360.045,370.67,407.02,402.11,404.555,397.98,407.045,426.27,414.225,401.71,429.4
716.02,255.265,CL70:2_C16:0,CL56:0,30.01,36.01,14.86,12.475,6.59,9.27,5.905,6.225,6.38,6.975,9.495,5.605,11.635,7.54,7.08
716.02,281.285,CL70:2_C18:1,CL56:0,74.24,86.675,59.635,46.135,28.955,32.545,29.75,25.21,35.285,29.985,30.005,35.04,35.385,27.985,28.72
716.02,283.295,CL70:2_C18:0,CL56:0,5.37,10.78,5.1,4.64,4.165,2.97,4.805,5.085,4.435,3.32,3.98,3.68,3.74,4.245,4.105
716.02,309.315,CL70:2_C20:1,CL56:0,0,0,0,0,0,0,0,0,0,0,0,0,0,0,0
716.49,629.485,PS(O-)32:2,PS31:1,2.06,1.72,3.015,1.825,2.75,3.05,2.04,3.25,3.16,2.75,3.415,3.94,2.53,2.235,2.35
718.47,631.475,PS31:1,PS31:1,33000,33000,33000,33000,33000,33000,33000,33000,33000,33000,33000,33000,33000,33000,33000
720.52,633.525,PS(O-)32:0,PS31:1,1644.15,1599.94,1623.285,1537.61,1583.79,1621.515,1631.885,1569.76,1730.33,1601.31,1622.315,1613.775,1505.695,1667.415,1555.365
721.97,253.255,CL72:10_C16:1,CL56:0,0,0,0.375,0,0,0,0,0,0,0,0,0,0,0,0
721.97,303.265,CL72:10_C20:4,CL56:0,0,0,0,0,0,0,0,0,0,0,0,0,0,0,0
722.4,635.405,PS32:6,PS31:1,15.245,14.815,14.83,14,17.645,15.585,12.985,16.31,13.36,15.39,17.51,14.09,15.33,13.595,15.055
722.98,253.255,CL72:9_C16:1,CL56:0,3.755,2.405,2.875,2.315,2.305,2.55,2.36,2.08,4.51,3.68,2.435,2.46,2.57,3.57,2.65
722.98,255.265,CL72:9_C16:0,CL56:0,0,0,0,0,0,0,0,0,0,0,0,0,0,0,0
722.98,277.255,CL72:9_C18:3,CL56:0,0,0,0,0,0,0,0,0,0,0,0,0,0,0,0
722.98,279.265,CL72:9_C18:2,CL56:0,0.615,0,0.24,0,0.31,0,0,0.36,0,0,0,0,0,0,0
722.98,303.265,CL72:9_C20:4,CL56:0,0,0,0,0,0,0,0,0,0,0,0,0,0,0,0
723.99,279.265,CL72:8_C18:2,CL56:0,4.77,2.56,2.56,2.31,2.205,2.255,3.66,2.165,1.835,2.425,2.715,2.03,2.245,2.635,2.12
724.42,637.425,PS32:5,PS31:1,0,0,0,0,0,0.055,0,0,0,0,0,0,0,0,0
724.99,279.265,CL72:7_C18:2,CL56:0,14.165,14.225,11.54,11.45,12.225,14.115,11.39,13.545,11.51,11.38,12.63,9.47,13.16,14.445,14.445
724.99,281.285,CL72:7_C18:1,CL56:0,31.8,33.22,23.275,23.24,30.425,22.085,33.385,28.11,32.22,26.99,27.79,28.79,32.17,31.26,26.39
726,279.265,CL72:6_C18:2,CL56:0,61.425,60.295,54.725,48.215,52.055,56.22,60.155,62.615,64.22,59.46,54.945,54.175,66.42,58.145,52.205
726,281.285,CL72:6_C18:1,CL56:0,171.095,175.04,146.925,141.135,172.165,159.165,175.34,175.85,159.58,165.98,158.42,155.245,195.945,165.925,165.905
726.43,639.435,PS32:4,PS31:1,0.12,0,0,0,0,0.075,0,0,0,0,0,0,0,0,0
727.01,279.265,CL72:5_C18:2,CL56:0,59.465,56.08,47.895,55.485,57,48.78,61.53,64.02,62.27,59.1,57.575,56.015,67.86,60.08,57.05
727.01,281.285,CL72:5_C18:1,CL56:0,334.59,307.785,278.02,319.05,332.22,334.22,363.09,366.82,371.62,371.68,351.48,341.83,370.01,369.07,373.65
727.01,283.295,CL72:5_C18:0,CL56:0,1.085,0.5,0.74,0,1.625,0,0.365,0.795,0,0.43,0.375,0,1.37,0,0.325
728.02,281.285,CL72:4_C18:1,CL56:0,209.74,207.34,148.68,205.175,197.555,182.4,249.505,225.37,244.17,231.01,212.105,247.06,226.98,233.77,219.42
728.45,641.455,PS32:3,PS31:1,0.315,0.215,0.165,0.13,0.44,0.15,0,0.17,0.43,0.07,0.135,0.185,0.195,0.05,0.265
730.47,643.465,PS32:2,PS31:1,7.295,12.23,9.01,7.285,9.28,7.915,7.93,7.28,7.29,6.635,7.26,11.98,8.195,7.215,8.455
732.48,645.485,PS32:1,PS31:1,2332.325,2365.125,1908.2,2014.39,2107.96,1967.445,2092.23,1960.225,2124.56,2064.54,1980.79,2060.73,2275.3,2159.265,1963.58
734.5,647.505,PS32:0,PS31:1,253.72,260.395,231.26,235.25,232.03,235.765,209.365,193.535,214.72,207.82,202.13,202.975,230.915,235.645,200.93
734.98,253.255,CL72:11_C16:1,CL56:0,0,0,0,0,0,0,0,0,0,0,0,0,0,0,0
734.98,279.265,CL72:11_C18:2,CL56:0,0,0,0,0,0,0,0,0,0,0,0,0,0,0,0
734.98,303.265,CL72:11_C20:4,CL56:0,0,0,0,0,0,0,0,0,0,0,0,0,0,0,0
734.98,327.265,CL72:11_C22:6,CL56:0,0,0,0,0,0,0,0,0,0,0,0,0,0,0,0
735.99,253.255,CL74:10_C16:1,CL56:0,0.175,0,0,0,0,0,0,0,0,0,0,0,0,0,0
735.99,255.265,CL74:10_C16:0,CL56:0,0,0,0,0,0,0,0,0,0,0,0,0,0,0,0
735.99,279.265,CL74:10_C18:2,CL56:0,0,0,0.775,0,0.275,0,0,0,0,0,0,0,0,0,0
735.99,281.285,CL74:10_C18:1,CL56:0,0.76,0,0.295,0,0.485,0,0,1.025,0,0.915,0,0,0,0.58,0.33
735.99,303.265,CL74:10_C20:4,CL56:0,0,0,0,0,0,0,0,0,0,0,0,0,0,0,0
735.99,305.285,CL74:10_C20:3,CL56:0,0,0,0,0,0,0,0,0,0,0,0,0,0,0,0
735.99,327.265,CL74:10_C22:6,CL56:0,0,0,0,0,0,0,0,0,0,0,0,0,0,0,0
736.46,649.455,PS(O-)34:6,PS31:1,7.39,4.39,6.39,5.645,4.845,5.92,3.205,3.715,5.11,3.645,5.09,3.23,3.845,6.99,4.07
736.99,279.265,CL74:9_C18:2,CL56:0,0.71,0.27,0.63,0,0,0,0,0,0.345,0,0,0,0.905,0.455,0.865
736.99,281.285,CL74:9_C18:1,CL56:0,3.65,4.84,4.84,2.89,4.82,3.525,4.15,4,4.4,3.325,3.165,2.605,5.26,3.505,3.04
736.99,303.265,CL74:9_C20:4,CL56:0,0,0,0,0,0,0,0,0,0,0,0,0,0,0,0
736.99,305.285,CL74:9_C20:3,CL56:0,0,0,0,0,0,0,0,0,0,0,0,0,0,0,0
738,279.265,CL74:8_C18:2,CL56:0,0.915,1.8,0.88,0.54,0.39,0.365,0.405,0.695,0,0,0,0.82,1.16,0.845,0.395
738,307.295,CL74:8_C20:2,CL56:0,0,0,0,0,0,0,0,0,0,0,0,0,0,0,0
738.47,651.475,PS(O-)34:5,PS31:1,0,0,0,0,0,0,0,0,0,0,0,0,0,0,0
739.01,279.265,CL74:7_C18:2,CL56:0,1.705,2.9,1.11,1.265,0.965,0.38,1.16,1.235,0.7,0.805,0,0.345,0.765,2.24,0.985
739.01,281.285,CL74:7_C18:1,CL56:0,10.35,9.39,9.625,10.265,10.645,8.285,10.025,9.58,10.925,9.505,10.67,8.695,10.17,9.28,7.615
739.01,307.295,CL74:7_C20:2,CL56:0,0,0,0,0,0,0,0,0,0,0,0,0,0,0,0
739.01,309.315,CL74:7_C20:1,CL56:0,0,0,0,0,0,0,0,0,0,0,0,0,0,0,0
740.02,279.265,CL74:6_C18:2,CL56:0,1.415,1.665,0.93,0,0,0,0,0,0,0,0,0,0,0,0
740.02,281.285,CL74:6_C18:1,CL56:0,13.15,9.12,9.49,9.96,7.19,8.375,10.07,9.815,6.555,9.1,9.545,7.905,9.31,10.175,9.725
740.02,307.295,CL74:6_C20:2,CL56:0,0,0,0,0,0,0,0,0,0,0,0,0,0,0,0
740.02,309.315,CL74:6_C20:1,CL56:0,0,0,0,0,0,0,0,0,0,0,0,0,0,0,0
740.49,653.485,PS(O-)34:4,PS31:1,376.91,270.88,326.28,328.335,440.17,352.13,392.175,410.95,416.41,414.895,377.83,410.145,357.775,392.055,387.53
741.03,279.265,CL74:5_C18:2,CL56:0,0,0,0,0,0,0,0,0,0,0,0,0,0,0,0
741.03,281.285,CL74:5_C18:1,CL56:0,1.91,1.125,1.26,0,0,0.23,1.45,0.935,1.025,0.375,0.82,0.765,1.075,1.08,0.965
741.03,309.315,CL74:5_C20:1,CL56:0,0,0,0,0,0,0,0,0,0,0,0,0,0,0,0
741.36,241.045,PI28:6,PI31:1,4.93,7.805,6.79,7.165,6.86,6.09,5.195,7.38,8.82,12.38,6.685,6.87,11.32,9.555,9.665
742.5,655.505,PS(O-)34:3,PS31:1,19.515,14.485,15.065,13.425,20.765,18.395,19.24,20.295,21.68,17.575,16.885,20.54,16.765,21.42,22.01
743.38,241.045,PI28:5,PI31:1,0.995,6,2.405,1.43,0.86,2.61,1.36,1.42,1.045,1.52,2.715,1.88,1.955,1.145,1.675
744.52,657.525,PS(O-)34:2,PS31:1,27.38,26.68,27.095,24.225,25.475,28.8,35.64,25.605,27.19,30.725,30.545,24.195,31.625,31.98,32.02
745.39,241.045,PI28:4,PI31:1,1.055,6.39,2.07,2.77,0.925,2.105,0.69,0.81,0.69,3.64,0.96,1.895,0.695,0.515,1.245
746.53,659.535,PS(O-)34:1,PS31:1,594.52,563.875,506.165,559.325,527.97,523.34,572.845,528.41,552.39,586.875,599.93,554.635,601.17,559.575,536.54
747.41,241.045,PI28:3,PI31:1,5.44,9.535,9.41,8.075,7,6.3,8.17,6.27,7.815,7.335,4.375,7.365,6.335,8.155,7.705
747.99,279.265,CL76:12_C18:2,CL56:0,0,0,0,0,0,0,0,0,0,0,0,0,0,0,0
747.99,327.265,CL76:12_C22:6,CL56:0,0,0,0,0,0,0,0,0,0,0,0,0,0,0,0
748.55,661.555,PS(O-)34:0,PS31:1,99.505,94.315,95.015,102.08,91.565,85.85,92.755,86.79,96.77,111.965,91.385,95.48,122.745,97.915,87.885
748.99,279.265,CL76:11_C18:2,CL56:0,0,0,0,0,0,0,0,0,0,0,0,0,0,0,0
748.99,281.285,CL76:11_C18:1,CL56:0,0,0.305,0,0,0,0,0,0,0,0,0,0,0,0,0
748.99,327.265,CL76:11_C22:6,CL56:0,0,0,0,0,0,0,0,0,0,0,0,0,0,0,0
748.99,329.285,CL76:11_C22:5,CL56:0,0,0,0,0,0,0,0,0,0,0,0,0,0,0,0
749.42,241.045,PI28:2,PI31:1,5.895,13.565,7.54,9.2,8.77,7.535,7.56,7.415,8.225,8.43,9.4,4.395,8.37,9.22,8.04
750,279.265,CL76:10_C18:2,CL56:0,0,0,0,0,0,0,0,0,0,0,0,0,0,0,0
750,281.285,CL76:10_C18:1,CL56:0,0.6,0.375,0.235,0,0,0.28,0,0,0,0,0,0,0,0,0
750,303.265,CL76:10_C20:4,CL56:0,0,0,0,0,0,0,0,0,0,0,0,0,0,0,0
750,305.285,CL76:10_C20:3,CL56:0,0,0,0,0,0,0,0,0,0,0,0,0,0,0,0
750,327.265,CL76:10_C22:6,CL56:0,0,0,0,0,0,0,0,0,0,0,0,0,0,0,0
750,329.285,CL76:10_C22:5,CL56:0,0,0,0,0,0,0,0,0,0,0,0,0,0,0,0
750.43,663.435,PS34:6,PS31:1,7.105,3.615,4.7,4.135,4.165,5.955,4.58,5.2,5.34,4.26,3.91,3.605,3.16,4.465,4.885
751.01,279.265,CL76:9_C18:2,CL56:0,0,0,0,0,0,0,0,0,0,0,0,0,0,0,0
751.01,281.285,CL76:9_C18:1,CL56:0,0.84,1.505,0.705,0,0,1.495,1.17,0.605,0.355,1.285,0.65,0,0.955,0.26,0
751.01,283.295,CL76:9_C18:0,CL56:0,0,0,0,0,0,0,0,0,0,0,0,0,0,0,0
751.01,303.265,CL76:9_C20:4,CL56:0,0,0,0,0,0,0,0,0,0,0,0,0,0,0,0
751.01,309.315,CL76:9_C20:1,CL56:0,0,0,0,0,0,0,0,0,0,0,0,0,0,0,0
751.01,327.265,CL76:9_C22:6,CL56:0,0,0,0,0,0,0,0,0,0,0,0,0,0,0,0
751.44,241.045,PI28:1,PI31:1,26.89,38.055,30.35,37.22,27.26,41.44,43.12,31.25,36.19,36.86,43.72,28.97,59.565,36.95,39.46
752.45,665.455,PS34:5,PS31:1,0.1,0.355,0.355,0.405,0.505,0.12,0.095,0.23,0.33,0.515,0.34,0.25,0.21,0.19,0.085
753.46,241.045,PI28:0,PI31:1,2.4,6.235,3.965,3.675,4.075,6.015,3.525,5.125,8.355,4.585,6.01,8.44,5.14,7.495,6.905
754.47,667.465,PS34:4,PS31:1,21.19,18.9,16.275,16.375,22.26,20.335,19.155,23.41,20.87,19.37,15.115,18.445,18.79,23.455,20.33
755.41,241.045,PI(O-)30:6,PI31:1,13.425,33.425,20.095,36.32,18.775,23.04,28.905,27.02,25.5,35.525,28.215,27.515,30.58,38.24,34.295
756.48,669.485,PS34:3,PS31:1,14.86,10.71,12.54,16.11,15.675,11.805,13.305,14.495,12.58,11.71,10.08,11.985,12.305,11.25,14.69
757.43,241.045,PI(O-)30:5,PI31:1,4.145,10.155,5.405,8.475,6.875,4.615,6.39,5.52,4.015,9.31,6.03,4.93,8.125,6.34,6.99
758.5,671.505,PS34:2,PS31:1,1085.965,1001.51,895.9,922.18,938.125,888.305,968.555,922.305,943.69,952.635,893.245,898.315,1006.53,917.685,945.255
758.98,277.255,CL78:15_C18:3,CL56:0,0,0,0,0,0,0,0,0,0,0,0,0,0,0,0
758.98,279.265,CL78:15_C18:2,CL56:0,0,0,0,0,0,0,0,0,0,0,0,0,0,0,0
758.98,303.265,CL78:15_C20:4,CL56:0,0,0,0,0,0,0,0,0,0,0,0,0,0,0,0
758.98,327.265,CL78:15_C22:6,CL56:0,0,0,0,0,0,0,0,0,0,0,0,0,0,0,0
759.44,241.045,PI(O-)30:4,PI31:1,2.09,2.585,3.275,4.815,2.215,2.665,2.895,2.405,3.76,3.34,3.91,3.435,3.71,2.98,5.54
759.99,279.265,CL78:14_C18:2,CL56:0,0,0,0,0,0,0,0,0,0,0,0,0,0,0,0
759.99,303.265,CL78:14_C20:4,CL56:0,0,0,0,0,0,0,0,0,0,0,0,0,0,0,0
759.99,327.265,CL78:14_C22:6,CL56:0,0,0,0,0,0,0,0,0,0,0,0,0,0,0,0
760.51,673.515,PS34:1,PS31:1,16983.57,16682.475,13797.145,14209.95,14002.73,14478.92,14401.4,13741.345,14422.5,15504.195,14290.245,14840.305,16110.84,14759.74,14000.715
760.99,279.265,CL78:13_C18:2,CL56:0,0,0,0,0,0,0,0,0,0,0,0,0,0,0,0
760.99,305.285,CL78:13_C20:3,CL56:0,0,0,0,0,0,0,0,0,0,0,0,0,0,0,0
760.99,327.265,CL78:13_C22:6,CL56:0,0,0,0,0,0,0,0,0,0,0,0,0,0,0,0
761.46,241.045,PI(O-)30:3,PI31:1,1.57,3.105,1.265,2.53,1.235,0.81,0.775,1.005,1.045,3.765,1.905,1.17,1.325,1.055,0.685
762,279.265,CL78:12_C18:2,CL56:0,0,0,0,0,0,0,0,0,0,0,0,0,0,0,0
762,281.285,CL78:12_C18:1,CL56:0,0,0,0,0,0,0,0,0,0,0,0,0,0,0,0
762,305.285,CL78:12_C20:3,CL56:0,0,0,0,0,0,0,0,0,0,0,0,0,0,0,0
762,307.295,CL78:12_C20:2,CL56:0,0,0,0,0,0,0,0,0,0,0,0,0,0,0,0
762,327.265,CL78:12_C22:6,CL56:0,0,0,0,0,0,0,0,0,0,0,0,0,0,0,0
762.53,675.535,PS34:0,PS31:1,1004.485,883.745,853.075,933.98,876.985,829.895,840.38,791.375,857.98,853.475,813.845,808.18,925.47,861.355,795.935
763.48,241.045,PI(O-)30:2,PI31:1,13.43,15.01,13.015,10.38,14.635,14.7,14.55,9.715,14.075,15.165,16.615,12.78,15.245,16.325,13.01
764.49,677.485,PS(O-)36:6,PS31:1,10.655,9.95,10.31,13.805,14.43,11.685,11.575,10.4,11.25,11.99,12.635,12.44,10.34,9.765,13.565
765.49,241.045,PI(O-)30:1,PI31:1,93.585,131.725,101.75,139.485,101.06,125.81,134.045,108.285,124.47,141.655,144.38,99.375,189.11,128.865,136.225
766.5,679.505,PS(O-)36:5,PS31:1,1.525,1.715,2.625,1.525,1.545,1.465,1.23,1.735,1.14,0.745,1.095,0.73,1.57,1.615,1.37
767.51,241.045,PI(O-)30:0,PI31:1,8.495,8.2,5.1,7.095,4.985,9.775,3.165,4.92,5.41,6.055,5.53,6.395,7.17,8.46,5.015
768.52,681.525,PS(O-)36:4,PS31:1,4.165,4.94,5.345,5.74,5.715,3.315,5.33,3.705,7.45,5.92,6.065,3.935,4.35,4.755,4.57
769.39,241.045,PI30:6,PI31:1,1.24,3.305,1.32,1.31,1.715,1.035,0.8,2.76,1.32,0.835,1.62,0.76,2.105,1.385,1.205
770.53,683.535,PS(O-)36:3,PS31:1,13.24,11.855,10.77,11.475,10.42,12.425,14.195,12.95,12.94,12.615,12.34,11.97,12.46,15.5,13.42
771.41,241.045,PI30:5,PI31:1,1.645,1.775,1.09,0.6,1.875,2.1,1.3,0.725,1.44,1.56,2.57,1.65,1.905,1.955,1.475
771.99,279.265,CL80:14_C18:2,CL56:0,0,0,0,0,0,0,0,0,0,0,0,0,0,0,0
771.99,327.265,CL80:14_C22:6,CL56:0,0,0,0,0,0,0,0,0,0,0,0,0,0,0,0
772.55,685.555,PS(O-)36:2,PS31:1,201.99,196.405,171.465,185.875,169.78,176.095,202.325,158.565,164.34,191.54,176.83,194.625,188.595,202.185,199.3
773.42,241.045,PI30:4,PI31:1,0.69,1.425,1.23,0.98,1.21,0.54,0.73,0.935,0.615,0.575,0.77,0.645,1.115,0.945,2.245
774.56,687.565,PS(O-)36:1,PS31:1,1151.885,1048.665,1067.755,1068.54,1057.79,1099.33,1152.855,1018.9,1072.68,1307.56,1146.405,1157.49,1203.625,1180.82,1091.71
775.44,241.045,PI30:3,PI31:1,0.46,0,0.18,0,0.31,0.275,0.365,0.36,0.23,0.175,0.35,0.62,0.725,0.555,0.495
776.58,689.585,PS(O-)36:0,PS31:1,129.59,114,113.855,127.805,134.475,130.2,136.075,124.72,121.41,151.315,145.795,140.38,142.115,145.08,127.905
777.46,241.045,PI30:2,PI31:1,42.525,53.5,39.085,59.665,38.67,51.67,52.5,59.845,56.36,63.285,59.36,51.295,68.435,55.25,50.865
778.47,691.465,PS36:6,PS31:1,6.475,4.48,4.01,7.16,5.69,5.205,7.125,5.81,5.08,6.915,4.39,6.175,3.955,4.905,5.105
779.47,241.045,PI30:1,PI31:1,285,339.715,257.385,349.87,226.605,299.285,304.11,301.825,318.655,366.245,339.53,334.73,419.41,363.25,362.095
780.48,693.485,PS36:5,PS31:1,17.09,16.935,16.535,16.69,20.61,16.925,18.255,16.17,16.74,17.71,14.01,20.91,18.135,20.16,18.845
781.49,241.045,PI30:0,PI31:1,22.165,29.595,23.21,27.805,25.135,23.45,25.945,30.365,28.07,28.38,36.49,30.64,35.235,37.5,38.705
782.5,695.505,PS36:4,PS31:1,205.875,154.475,159.4,160.255,164.64,146.6,162.405,153.36,163.14,168.995,152.86,164.71,217.12,188.31,170.45
783.44,241.045,PI(O-)32:6,PI31:1,5.665,6.56,3.68,5.04,2.26,3.015,2.865,5.93,5.58,5.55,7.075,4.885,7.58,4.895,8.23
784.51,697.515,PS36:3,PS31:1,225.25,209.73,187.1,184.215,182.895,186.58,187.43,173.65,195.13,172.76,161.47,192.075,198.065,201.245,179.01
785.46,241.045,PI(O-)32:5,PI31:1,2.005,2.935,2.675,3.895,2.56,2.175,2.245,3.5,3.61,2.475,3.37,3.595,3.715,2.45,2.61
786.53,699.535,PS36:2,PS31:1,7199.19,6221.5,5487.84,5866.005,5572.46,5536.545,6003.195,5536.655,5711.06,5769.73,5795.25,5922.86,6502.395,6275.9,5695.89
787.48,241.045,PI(O-)32:4,PI31:1,0.745,2.97,1.605,3.355,1.82,1.735,1.83,1.485,1.175,1.49,2.455,1.795,1.525,1.9,2.005
788.54,701.545,PS36:1,PS31:1,24288.665,23355.855,22961.41,21756.145,20809.02,21675.55,22808.13,20760.4,21168.89,22275.23,21104.595,23433.37,24757.46,24736.755,21161.66
789.49,241.045,PI(O-)32:3,PI31:1,1.165,1.18,0.745,0.835,0.69,1.315,1.105,0.405,0.53,0.79,0.945,0.635,0.595,0.47,0.5
790.56,703.565,PS36:0,PS31:1,1486.68,1291.915,1178.065,1222.685,1190.03,1326.09,1318.415,1233.52,1331.76,1282.14,1286.78,1258.805,1469.4,1419.565,1267.5
791.51,241.045,PI(O-)32:2,PI31:1,27.34,33.465,24.605,36.4,26.065,32.97,34.23,33.135,27.76,22.18,38.58,28.685,37.19,38.35,33.845
792.52,705.525,PS(O-)38:6,PS31:1,32.45,29.635,21.915,27.755,32.89,30.435,26.25,25.63,30.21,26.23,27.305,29.985,32.255,31.06,28.745
793.49,241.045,PI31:1,PI31:1,10000,10000,10000,10000,10000,10000,10000,10000,10000,10000,10000,10000,10000,10000,10000
794.53,707.535,PS(O-)38:5,PS31:1,20.73,21.73,19.825,15.345,21.415,20.705,18.01,24.14,23.66,23.5,17.675,18.52,23.985,25.035,22.125
795.54,241.045,PI(O-)32:0,PI31:1,492.495,469.625,443.6,432.385,477.495,449.535,465.03,446.155,513.31,446.165,454.965,461.875,502.075,460.36,457.265
796.55,709.555,PS(O-)38:4,PS31:1,23.645,18.77,14.345,22.115,20.385,21.06,20.56,20.22,20.71,22.045,19.75,18.43,24.715,22.66,23.645
797.42,241.045,PI32:6,PI31:1,3.095,5.275,2.98,2.745,3.485,3.93,4.88,3.77,5.9,4.4,6.465,3.455,2.27,3.695,5.395
798.56,711.565,PS(O-)38:3,PS31:1,25.205,25.225,18.59,19.155,32.24,21.945,27.735,26.51,24.09,25.76,21.17,23.975,27.575,25.7,27.97
799.44,241.045,PI32:5,PI31:1,0,0.295,0.11,0.55,1.12,0.325,0.46,0.34,0.32,0.49,0.465,0.35,0.505,0.57,0.53
800.58,713.585,PS(O-)38:2,PS31:1,127.99,97.46,86.325,114.06,113.69,108.69,119.905,93.32,107.32,116.78,111.65,99.58,124.19,116.925,100.675
801.46,241.045,PI32:4,PI31:1,0.255,0.46,0.245,0.355,0.38,0.265,0,0.115,0,0.175,0,0.265,0.19,0.35,0
802.6,715.595,PS(O-)38:1,PS31:1,192.38,176.77,157.25,192.19,192.27,203.84,189.7,173.66,190.18,215.125,195.32,172.265,214.85,201.855,179.615
803.47,241.045,PI32:3,PI31:1,1.365,2.965,3.32,2.695,1.945,1.775,2.015,2.13,1.515,1.555,2.095,2.06,2.7,1.265,1.91
804.61,717.615,PS(O-)38:0,PS31:1,26.94,28.13,30.395,46.255,38.985,37.46,47.645,36.765,37.13,46.345,38.775,43.26,52.41,42.51,37.39
805.49,241.045,PI32:2,PI31:1,204.22,250.495,212.865,250.395,192.79,210.57,220.38,237.075,228.605,249.86,288.13,239.47,300.615,229.155,244.1
806.5,719.505,PS38:6,PS31:1,134.39,102.25,96.19,92.65,94.69,111.715,96.345,80.92,93.79,88.8,85.415,100.7,108.22,108.61,95.58
807.5,241.045,PI32:1,PI31:1,1131.795,1104.69,936.46,1127.075,979.035,1075.605,1092.645,1007.12,1147.685,1157.395,1220.755,1139.14,1199.435,1180.91,1097.95
808.51,721.515,PS38:5,PS31:1,276.62,254.72,200.985,195.44,214.53,211.445,211.815,187.62,223.13,216.815,178.58,196.685,267.725,232.67,220.445
809.52,241.045,PI32:0,PI31:1,254.64,274.06,249.755,245.815,241.605,248.56,241.93,258.095,258.085,286.15,316.15,292.65,295.435,291.25,266.895
810.53,723.535,PS38:4,PS31:1,452.74,375.275,345.35,392.485,371.91,375.235,378.46,367.12,360.8,361.4,339.46,390.31,432.165,392.715,406.445
811.48,241.045,PI(O-)34:6,PI31:1,14.225,13.53,18.39,11.06,16.67,18.005,18.05,12.765,14.68,16.88,14.365,15.47,19.295,16.075,16.28
812.54,725.545,PS38:3,PS31:1,428.94,403.635,337.92,329.4,342.315,359.31,379.595,334.87,338.92,339.245,332.765,344.53,368.175,380.635,358.475
813.49,241.045,PI(O-)34:5,PI31:1,0.475,0.985,0.94,1.77,1.24,1.39,0.645,1.125,0.84,1.325,0.845,0.61,1.425,0.78,0.915
814.56,727.565,PS38:2,PS31:1,909.945,901.425,788.275,860.74,902.305,860.78,913.98,845.115,826.32,905.04,927.015,910.48,992.155,935.27,868.45
815.51,241.045,PI(O-)34:4,PI31:1,0.61,0.385,0.505,0.34,0.69,0.555,0.32,0.705,0.275,0.29,0.595,0,1.665,0.865,0.435
816.58,729.575,PS38:1,PS31:1,598.81,524.355,473.44,543.965,494.805,555.095,535.785,518.545,560.54,564.47,551.53,521.225,625.9,576.96,542.665
817.52,241.045,PI(O-)34:3,PI31:1,0.615,0.71,0.625,1,0.25,0.995,0,0.18,0.555,0.79,1.025,0.255,0.39,0.58,0.115
818.59,731.595,PS38:0,PS31:1,55.09,48.685,46.615,56.02,42.415,50.44,42.94,40.9,38.6,49.8,44.495,48.28,44.68,44.475,49.1
819.54,241.045,PI(O-)34:2,PI31:1,38.175,31.425,25.255,31.705,25.76,31.895,38.11,32.595,32.355,38.615,42.01,42.49,36.86,36.595,37.43
820.55,733.555,PS(O-)40:6,PS31:1,52.45,36.84,38.385,35.21,33.725,36.805,36.345,34.91,42.62,31.44,41.755,31.7,45.195,39.05,36.31
821.55,241.045,PI(O-)34:1,PI31:1,421.135,396.24,330.99,368.805,350.09,406.715,408.88,389.625,424.075,458.695,488.545,425.995,434.205,404.555,371.615
822.56,735.565,PS(O-)40:5,PS31:1,60.115,36.56,45.98,46.98,58.435,64.135,58.31,52.06,51,57.245,62.51,47.19,58.785,60.125,55.76
823.57,241.045,PI(O-)34:0,PI31:1,93.655,87.865,74.985,81.12,79.075,81.235,101.355,94.32,97.755,109.305,108.22,114.14,125.005,98.115,91.85
824.58,737.585,PS(O-)40:4,PS31:1,19.39,12.84,11.425,16.16,16.795,13.43,17.565,13.645,11.69,14.22,17.58,16.01,14.09,15.795,15.765
825.46,241.045,PI34:6,PI31:1,6.71,8.07,3.56,3.15,5.77,6.595,6.49,4.585,4.525,5.43,8.04,3.14,4.37,4.99,4.88
826.6,739.595,PS(O-)40:3,PS31:1,20.61,20.15,17.205,16.2,20.785,18.285,19.6,17.46,16.38,16.805,15.97,16.79,17.965,20.34,13.51
827.47,241.045,PI34:5,PI31:1,0.56,1.525,1.5,1.795,0.7,0.865,0.39,0.64,0.73,0.955,2.11,1.455,0.7,0.205,0.97
828.61,741.615,PS(O-)40:2,PS31:1,69.26,60.47,56.805,52.82,50.56,56.135,65.91,53.005,55.38,63.38,69.965,58.88,68.035,63.44,53.18
829.49,241.045,PI34:4,PI31:1,2.06,1.345,1.02,1.24,1.14,0.935,1.36,1.04,1.245,0.97,2.76,1.935,2.395,1.28,2.64
830.63,743.635,PS(O-)40:1,PS31:1,37.59,29.88,24.46,32.205,32.43,30.985,35.385,36.075,35.93,31.45,33.405,33.38,40.89,45.86,34.74
831.5,241.045,PI34:3,PI31:1,33.385,38.29,24.245,30.665,36.665,39.895,32.13,31.73,36.12,38.345,40.025,37.175,35.695,35.03,34.73
832.64,745.645,PS(O-)40:0,PS31:1,94.97,98.195,65.005,54.04,67.685,65.835,57.03,65.015,62.88,72.395,60.775,51.46,73.975,71.325,61.645
833.52,241.045,PI34:2,PI31:1,5796.51,5528.185,4874.395,5121.835,5131.675,5175.25,5795.99,5243.775,5859.47,6025.17,5797.795,6059.13,6048.575,6022.45,5396.045
834.53,747.535,PS40:6,PS31:1,1407.585,1364.83,1061.235,999.48,1048.555,1045.375,1188.235,1004.96,1080.88,1053.835,1002.875,987.995,1135.255,1163.74,1049.745
835.53,241.045,PI34:1,PI31:1,13382.23,12986.67,11918.715,11897.475,12024.115,12075.395,12886.67,11889.285,12810.82,12572.325,13530.56,12808.855,14019.815,13289.3,11775.125
836.54,749.545,PS40:5,PS31:1,1931.575,1623.6,1365.135,1199.59,1280.61,1315.32,1406.425,1273.385,1216.03,1262.915,1205.175,1253.395,1468.465,1431.505,1350.515
837.55,241.045,PI34:0,PI31:1,868.53,1032.435,811.155,789.625,772.98,777.545,849.025,816.42,924.06,876.035,1024.03,982.395,927.435,929.76,817.31
838.56,751.565,PS40:4,PS31:1,342.095,287.69,223.31,229.915,241.505,262.945,267.91,215.545,241.96,234.515,243.575,204.875,260.65,269.175,246.755
839.51,241.045,PI(O-)36:6,PI31:1,16.87,14.395,14.045,15.965,11.685,12.025,13.315,21.04,14.33,14.375,17.515,14.515,18.985,11.19,18.7
840.58,753.575,PS40:3,PS31:1,85.855,93.345,70.145,83.83,82.05,81.465,89.54,69.475,72.87,77.285,78.61,81.9,101.53,88.79,83.975
841.52,241.045,PI(O-)36:5,PI31:1,0.565,1.745,0.715,1.765,1.545,0.71,0.795,1.915,1.445,0.955,0.955,1.425,2.045,1.36,1.305
842.59,755.595,PS40:2,PS31:1,690.335,593.07,491.235,574.49,551.99,571.905,641.265,548.485,548.16,646.04,634.02,634.01,672.39,680.89,578.625
843.54,241.045,PI(O-)36:4,PI31:1,6.64,3.765,4.51,4.725,5.38,4.64,4.815,4.075,6.175,5.385,5.86,4.42,3.28,5.57,4.025
844.61,757.605,PS40:1,PS31:1,337.91,321.755,230.01,301.225,259.37,303.685,317.98,273.295,267.15,313.24,318.155,324.36,357.83,348.77,289.3
845.55,241.045,PI(O-)36:3,PI31:1,21.605,18.43,17.84,20.78,14.56,19.48,17.455,19.22,22.37,18.64,17.38,17.365,23.265,21.75,22.79
846.62,759.625,PS40:0,PS31:1,22.17,21.505,18.2,24.595,19.575,18.39,23.31,17.88,16.26,21.22,24.97,18.885,21.465,20.32,19.54
847.57,241.045,PI(O-)36:2,PI31:1,538.495,516.42,398.535,465.76,489.88,475.51,523.215,485.875,446.805,583.28,551.32,516.43,533.22,525.625,431.535
848.58,761.585,PS(O-)42:6,PS31:1,5.75,6.995,4.84,4.835,6.29,7.98,5.58,3.545,6.96,6.31,3.915,5.475,4.32,7.845,5.775
849.59,241.045,PI(O-)36:1,PI31:1,803.21,658.23,560.84,655.025,611.23,769.635,697.16,611.19,604.945,704.55,691.015,635.05,712.255,778.37,569.69
850.6,763.595,PS(O-)42:5,PS31:1,5.75,6.635,6.995,6.565,8.715,9.165,10.425,7.86,8.75,9.18,6.505,7.245,9.49,7.75,5.845
851.6,241.045,PI(O-)36:0,PI31:1,201.27,205.115,209.625,188.175,232.445,176.07,212.04,200.53,211.165,251.31,181.47,195.67,210.555,242.535,199.49
852.61,765.615,PS(O-)42:4,PS31:1,2.15,1.805,1.31,2.06,3.18,2.3,4.135,3.405,2.77,3.955,2.295,4.03,3.97,3.93,4.535
853.49,241.045,PI36:6,PI31:1,51.955,57.02,56.895,45.64,65.34,55.87,53.005,61.365,53.995,65.82,39.075,50.76,46.395,75.665,51.805
854.63,767.635,PS(O-)42:3,PS31:1,2.825,2.075,2.295,3.42,2.905,4.195,4.04,4.19,2.13,5.33,3.625,3.48,3.31,3.46,2.63
855.5,241.045,PI36:5,PI31:1,65.18,66.805,71.64,79.165,55.42,62.975,66.86,61.18,64.565,70.185,57.485,73.69,83.585,65.095,92.26
856.64,769.645,PS(O-)42:2,PS31:1,32.695,24.045,20.21,21.63,23.14,25.505,28.745,22.83,29.35,30.04,32.195,28.02,28.145,28.655,27.56
857.52,241.045,PI36:4,PI31:1,549.69,551.725,405.18,485.935,406.325,449.255,470.865,411.18,385.915,441.775,458.725,442.925,473.755,511.755,426.16
858.66,771.665,PS(O-)42:1,PS31:1,25.52,17.89,23.33,28.495,17.985,25.405,23.265,20.485,20.72,29.54,25.765,22.42,25.23,28.46,23.535
859.53,241.045,PI36:3,PI31:1,1189.5,1339.69,1001.84,1071.72,1099.135,1044.345,1156.385,1081.91,1031.905,1172.77,1224.2,1147.18,1251.01,1178.125,1053.72
860.67,773.675,PS(O-)42:0,PS31:1,13.735,10.945,12.245,10.685,11.83,8.195,10.82,9.2,9.21,11.785,9.145,9.185,11.75,11.725,8.15
861.55,241.045,PI36:2,PI31:1,31464.78,30239.885,25463.43,28937.1,25851.045,27497.165,31693.65,28503.04,28574.89,30986.01,33206.175,29896.935,31375.15,30629.53,27147.075
862.56,775.565,PS42:6,PS31:1,25.545,17.555,20.995,21.265,22.085,20.74,20.3,20.245,19.37,19.575,14.39,21.63,19.255,21.765,20.605
863.56,241.045,PI36:1,PI31:1,27133.05,24988.94,23879.185,23651.73,22121.845,22792.285,24837.61,23785.56,22892.225,25519.465,27236.77,23327.53,26289.495,26089.55,22254.975
864.58,777.575,PS42:5,PS31:1,18.69,18.73,13.53,14.06,12.18,16.22,17.455,14.805,14.3,13.59,14.74,14.42,16.05,18.34,13.565
865.58,241.045,PI36:0,PI31:1,1444.145,1356.925,1197.015,1193.24,1169.735,1240,1318,1204.965,1198.62,1274.355,1367.66,1208.015,1344.235,1358.255,1205.47
866.59,779.595,PS42:4,PS31:1,8.025,5.76,7.175,6.735,7.96,7.415,7.935,7.68,7.26,11.2,10.34,6.44,8.02,8.375,8.64
867.54,241.045,PI(O-)38:6,PI31:1,27.11,25.535,22.01,30.345,26.125,22.395,19.94,30.75,22.7,33.82,23.83,26.615,23.585,29.7,20.835
868.61,781.605,PS42:3,PS31:1,30.115,30.735,29.105,30.385,29.165,30.455,33.925,32.64,24.74,37.22,30.2,25.505,42.46,35.235,37.105
869.55,241.045,PI(O-)38:5,PI31:1,42.015,50.53,47.585,42.485,52.08,41.365,51.365,53.685,42.155,57.105,44.3,46.115,53.7,44.885,42.375
870.62,783.625,PS42:2,PS31:1,146.095,121.08,118.735,147.78,129.465,124.055,153.455,134.58,116.33,163.745,143.245,124.25,184.24,151.375,140.855
871.57,241.045,PI(O-)38:4,PI31:1,89.11,80.31,69.07,76,79.175,71.085,82.085,75.25,69.955,98.135,76.4,72.08,113.25,86.31,74.225
872.64,785.645,PS42:1,PS31:1,88.055,87.19,71.615,83.4,78.9,85.76,99.165,86.07,91.58,100.17,89.595,85.45,94.97,101.48,87.895
873.59,241.045,PI(O-)38:3,PI31:1,242.15,188.52,171.465,187.94,180.17,209.1,221.12,193.74,220.865,241.58,226.405,212.025,259.36,221.13,221.225
874.65,787.655,PS42:0,PS31:1,5.815,3.505,6.865,8.38,5.335,7.065,5.75,5.37,5.49,6.72,4.875,5.01,6.61,6.105,3.785
875.6,241.045,PI(O-)38:2,PI31:1,864.37,870.805,684.59,722.7,694.75,760.515,801.455,711.72,708.195,857.075,828.865,714.295,877.955,840.26,702.595
876.61,789.615,PS(O-)44:6,PS31:1,0.395,0.305,0.32,0.375,0.405,0.31,0.395,0.18,0.29,0.825,0.45,0.165,0.245,0.75,0.325
877.62,241.045,PI(O-)38:1,PI31:1,311,258.745,237.72,244.655,278.535,277.675,324.93,257.66,260.39,291.99,296.145,238.835,285.605,278.75,241.59
878.63,791.635,PS(O-)44:5,PS31:1,0.555,0.11,0.14,0.165,0.255,0.37,0.08,0.105,0.32,0.095,0.26,0.07,0.145,0.49,0.29
879.63,241.045,PI(O-)38:0,PI31:1,30.365,23.565,24.58,37.675,31.67,33.605,38.45,31.38,29.69,40.13,29.575,30.08,41.45,38.285,28.06
880.64,793.645,PS(O-)44:4,PS31:1,0,0,0.075,0.07,0.175,0.105,0.1,0.16,0.22,0.125,0.08,0,0,0.17,0.15
881.52,241.045,PI38:6,PI31:1,199.885,223.92,175.435,191.075,203.12,169.37,190.905,171.295,179.915,191.055,190.93,192.415,225.545,202.25,190.235
882.66,795.665,PS(O-)44:3,PS31:1,0.065,0.12,0.15,0.3,0.615,0.095,0.36,0.31,0.25,0.135,0.41,0.125,0.485,0.25,0.45
883.53,241.045,PI38:5,PI31:1,3367.215,3457.73,2901.885,2928.91,2918.235,2967.03,3009.245,2768.405,2734.865,3006.84,3178.665,3015.335,3379.315,3072.605,2980.855
884.67,797.675,PS(O-)44:2,PS31:1,1.27,1.635,1.23,2.1,1.405,1.88,1.735,1.925,0.82,1.695,1.44,1.92,2.49,1.865,1.55
885.55,241.045,PI38:4,PI31:1,7901.035,7614.78,6819.8,6833.15,6712.725,6524.005,7032.625,6347.74,5866.99,7356.37,6775.15,7054.1,7781.56,7224.635,6402.43
886.69,799.695,PS(O-)44:1,PS31:1,0.98,1.13,0.89,1.405,0.58,2.05,1.26,2.04,0.99,1.71,1.725,1.89,1.725,1.385,0.84
887.56,241.045,PI38:3,PI31:1,4594.94,4262.855,3679.535,3840.1,4004.605,4308.33,4100.53,3994.475,3873,4514.36,4412.61,4402.615,4714.355,4497.11,3948.045
888.71,801.705,PS(O-)44:0,PS31:1,4.325,3.2,2.915,3.33,3.6,2.83,3.49,4.24,3.34,5.34,2.68,2.425,1.995,3.5,1.14
889.58,241.045,PI38:2,PI31:1,5107.68,4747.355,4047.925,4375.68,4456.115,4756.965,5027.345,4768.07,4719.45,5732.415,5234.165,5206.515,5385.81,5227.83,4642.715
890.59,803.595,PS44:6,PS31:1,5.44,4.64,5.095,4.085,5.81,7.12,5.195,3.99,5.62,7.48,5.27,4.3,7.415,6.845,5.67
891.6,241.045,PI38:1,PI31:1,1251.59,1115.97,1110.075,1138.085,1051.67,1197.425,1188.68,1130.185,1209.865,1413.195,1335.59,1236.31,1319.79,1326.255,1088.88
892.61,805.605,PS44:5,PS31:1,2.8,1.27,2.335,1.525,1.85,1.875,2.25,1.975,1.65,2.075,1.82,1.74,2.735,2.435,2.52
893.61,241.045,PI38:0,PI31:1,154.765,171.695,150.91,143.6,154.555,138.685,150.405,136.275,149.455,167.795,151.705,172.955,157.92,189.2,143.08
894.62,807.625,PS44:4,PS31:1,1.045,0.57,0.52,1.095,0.615,1.095,0.51,1.56,1.1,0.59,0.4,0.72,0.76,0.83,0.775
895.57,241.045,PI(O-)40:6,PI31:1,31.44,50.29,37.4,39.605,32.965,30.96,29.47,36.7,26.06,36.065,34.35,52.33,35.915,45.59,41.12
896.64,809.645,PS44:3,PS31:1,0.915,0.375,0.98,0.83,1,1.01,1.475,0.89,0.47,0.765,1.05,0.88,0.975,1.265,1.355
897.59,241.045,PI(O-)40:5,PI31:1,41.36,38.33,35.37,39.37,36.42,37.365,38.2,32.87,42.115,34.035,40.895,34.955,36.23,41.13,34.84
898.65,811.655,PS44:2,PS31:1,2.81,3.87,2.485,3.155,3.26,3.5,4.37,2.72,3.31,4.82,3.115,6.47,5.27,3.73,3.305
899.6,241.045,PI(O-)40:4,PI31:1,99.115,89.255,88.42,80.885,84.965,84.84,91.385,87.01,82.35,97.655,95.31,83.115,96.655,89.33,78.755
900.67,813.675,PS44:1,PS31:1,0.565,0.58,0.71,0.96,0.365,0.645,1.23,0.355,0.96,0.29,0.39,0.32,0.51,0.65,0.525
901.62,241.045,PI(O-)40:3,PI31:1,292.33,245.91,198.17,232.925,220.74,248.11,232.455,228.875,235.3,267.975,300.265,229.085,296.595,254.955,246.51
902.68,815.685,PS44:0,PS31:1,0,0.08,0,0,0,0,0,0,0,0,0,0,0.235,0,0.04
903.63,241.045,PI(O-)40:2,PI31:1,174.745,136.98,149.6,145.955,137.16,172.82,159.775,177.74,159.165,181.54,187.04,171.25,173.525,174.575,155.74
905.65,241.045,PI(O-)40:1,PI31:1,35.585,27.65,30.93,29.67,32.11,28.045,32.425,41.015,36.66,41.855,40.455,38.97,34.66,37.23,31.85
907.66,241.045,PI(O-)40:0,PI31:1,63.57,62.76,51.19,64.18,62.695,57.915,58.265,53.42,57.865,63.755,65.395,61.405,77.36,76.715,56.32
909.55,241.045,PI40:6,PI31:1,480.015,512.06,423.33,389.955,433.34,447.58,438.635,408.235,429.915,459.91,479.875,398.55,465.455,482.05,416.15
911.56,241.045,PI40:5,PI31:1,743.63,740.195,653.16,654.92,722.24,726.54,689.205,626.77,675.945,728.095,830.685,768.6,783.285,740.26,670.44
913.58,241.045,PI40:4,PI31:1,476.8,488.385,392.955,460.54,417.39,382.66,418.01,374.23,438.85,436.315,503.75,439.22,459.845,461.51,429.955
915.6,241.045,PI40:3,PI31:1,457.67,456.745,409.445,455.785,429.385,452.49,484.005,454.27,481.03,548.065,518.43,520.3,544.775,516.4,431.71
917.61,241.045,PI40:2,PI31:1,589.94,542.595,466.935,575.73,519.03,552.7,589.24,559.095,550.08,663.045,663.575,562.66,632.19,597.73,529.68
919.63,241.045,PI40:1,PI31:1,307.655,295.155,285.62,263.95,288.675,237.195,253.48,253.14,252.405,347.665,254.935,287.71,300.275,318.965,249.14
921.64,241.045,PI40:0,PI31:1,165.525,155.015,156.305,139.77,154.895,124.255,136.41,147.475,145.485,192.29,127.81,169.55,130.955,204.165,148.63
923.6,241.045,PI(O-)42:6,PI31:1,25.62,41.965,35.615,27.085,49.145,23.935,29.065,30.835,32.54,40.45,26.16,47.34,34.465,45.76,30.16
925.62,241.045,PI(O-)42:5,PI31:1,2.79,4.58,5.01,3.145,4.91,4.795,5.23,4.715,4.73,6.89,3.35,5.36,4.425,3.545,3.345
927.63,241.045,PI(O-)42:4,PI31:1,5.205,6.51,4.59,3.155,5.215,5.345,4.825,3.505,6.17,6.355,8.15,5.43,3.47,5.155,5.865
929.65,241.045,PI(O-)42:3,PI31:1,17.82,23.335,15.24,18.325,18.775,21.855,17.575,17.505,20.365,22.17,25.115,17.325,22.58,22.385,17.94
931.66,241.045,PI(O-)42:2,PI31:1,28.265,18.44,21.705,24.665,24.575,25.24,22.845,20.995,20.33,30.315,20.37,20.02,32.99,28.67,18.065
933.68,241.045,PI(O-)42:1,PI31:1,10,11.55,10.215,9.425,8.18,10.425,13.24,9.34,11.475,13.175,12.565,13.36,11.26,14.64,5.59
935.7,241.045,PI(O-)42:0,PI31:1,3.725,4.67,3.685,3.035,3.29,3.99,4.05,4.58,4.405,5.18,3.13,2.49,3.19,4.19,3.8
937.58,241.045,PI42:6,PI31:1,5.075,3.71,4.295,3.445,4.915,5.58,3.895,5.225,2.585,4.57,1.63,3.12,3.59,5.29,5.42
939.6,241.045,PI42:5,PI31:1,6.69,7.405,5.62,4.835,6.235,6.83,4.005,7.47,5.74,7.655,7.38,5.28,5.855,6.075,7.67
941.61,241.045,PI42:4,PI31:1,34.98,22.905,27.49,26.675,33.09,26.075,29.505,30.29,19.815,35.925,29.81,28.37,28.24,35.905,29.16
943.63,241.045,PI42:3,PI31:1,188.21,181.52,143.775,157,176.305,157.18,158.985,178.32,169.41,240,166.325,194.19,189.97,196.02,188.1
945.64,241.045,PI42:2,PI31:1,154.645,173.895,129.845,144.4,145.585,143.66,137.215,155.27,144.72,172.36,149.095,166.35,169.09,165.605,153.31
947.66,241.045,PI42:1,PI31:1,42.79,46.025,35.255,38.365,41.905,33.595,37.175,37.57,41.955,50.15,39.885,52.68,46.69,52.06,43.345
949.67,241.045,PI42:0,PI31:1,11.75,12.575,9.775,11.04,11.155,8.61,9.245,7.1,11.23,16.78,9.165,8.515,8.78,15.715,8.46
951.63,241.045,PI(O-)44:6,PI31:1,4.46,6.45,4.515,2.11,6.345,2.78,4.75,2.955,4.3,5.095,3.24,3.275,3.76,5.88,4.425
953.65,241.045,PI(O-)44:5,PI31:1,1.5,1.505,1.54,0.575,2.965,1.14,2.105,0.905,0.875,3.305,2.04,0.84,2.4,4.415,0.675
955.66,241.045,PI(O-)44:4,PI31:1,0.89,1.06,1.09,1.03,1.495,1,1.385,1.24,2.045,2.49,0.805,0.97,0.975,0.74,1.125
957.68,241.045,PI(O-)44:3,PI31:1,2.355,2.975,2.535,1.76,3.62,3.16,3.1,2.96,3.665,3.31,1.945,2.86,5.135,3.06,2.745
959.7,241.045,PI(O-)44:2,PI31:1,1.95,2.225,1.705,1.56,1.67,1.955,3.96,2.78,1.785,3.045,2.85,2.635,1.795,1.66,2.885
961.71,241.045,PI(O-)44:1,PI31:1,0.6,0.87,1.38,1.685,1.72,0.96,1.215,2.035,1.98,1.27,0.895,1.06,0.46,1.49,0.98
963.73,241.045,PI(O-)44:0,PI31:1,0.43,0.59,0.82,0.7,0.875,0.355,0.415,1.045,0.345,0.7,0.47,0.715,0.405,1.12,0.275
965.61,241.045,PI44:6,PI31:1,11.295,6.295,7.305,5.33,8.7,7.825,6.765,9.615,9,11.84,9.215,7.96,8.62,8.015,8.56
967.63,241.045,PI44:5,PI31:1,21.09,21.25,13.085,18.625,22.685,19.605,19.8,18.79,15.355,20.55,15.415,16.83,21.055,21.61,26.535
969.64,241.045,PI44:4,PI31:1,12.975,13.77,15.62,15,14.595,16.435,14.095,11.33,12.4,20.405,13.065,14.37,12.605,16.315,12.87
971.66,241.045,PI44:3,PI31:1,13.685,13.995,9.805,8.48,11.765,10.835,11.455,15.055,12.24,15.645,12.28,13.505,14.12,17.37,13.08
973.67,241.045,PI44:2,PI31:1,7.93,11.38,7.23,9.58,8.28,6.855,8.135,9.68,6.2,11.64,10.53,11.94,9.09,8.195,13.22
975.69,241.045,PI44:1,PI31:1,9.05,8.735,8.125,7.49,6.29,8.28,5.98,8.04,6.705,9.435,8.925,5.35,6.545,8.025,6.31
977.71,241.045,PI44:0,PI31:1,2.11,7.135,4.445,2.28,5.955,2.01,3.195,3.36,2.88,7.465,2.265,3.775,1.175,6.585,2.7
