precursor,fragment,ion,standard_ion,CTRL_p1_1,CTRL_p1_2,CTRL_p1_3,Lyso0min_p1_1,Lyso0min_p1_2,Lyso0min_p1_3,Lyso10min_p1_1,Lyso10min_p1_2,Lyso10min_p1_3,Lyso20min_p1_1,Lyso20min_p1_2,Lyso20min_p1_3,Lyso5min_p1_1,Lyso5min_p1_2,Lyso5min_p1_3
422.23,281.245,LysoPE14:2,PE31:1,0,0,0,0,0,0,0,0,0,18.62,0,0,0,0,0
424.25,283.265,LysoPE14:1,PE31:1,7.065,9.885,6.025,5.555,4.56,5.255,5.72,5.405,5.31,17.55,5.76,4.31,10.625,4.22,6.79
426.26,285.275,LysoPE14:0,PE31:1,3.135,3.33,2.98,4.875,3.48,3.85,2.595,2.105,3.84,12.45,5.62,3.67,7.445,2.185,3.73
450.26,309.275,LysoPE16:2,PE31:1,0.7,0.44,0,0,0,0.32,0,0,0,5.985,0,0,1.505,0,0.765
452.28,311.295,LysoPE16:1,PE31:1,42.53,83.665,42.025,119.18,93.955,96.615,75.75,69,74.98,128.78,72.68,78.86,139.68,69.605,72.245
454.29,313.305,LysoPE16:0,PE31:1,158.3,195.905,144.29,170.765,164.79,160.2,151.22,157.705,185.42,202.44,190.92,198.37,193.62,153.335,175.35
464.28,184.105,LysoPC14:2,DLPC,0.125,0.15,0.105,0.135,0.075,0.11,0.12,0.11,0.07,0.54,0.07,0.15,0.14,0.125,0.08
466.29,184.105,LysoPC14:1,DLPC,0.505,0.63,0.495,0.615,0.42,0.53,0.38,0.39,0.53,0.81,0.39,0.45,0.49,0.48,0.43
468.31,184.105,LysoPC14:0,DLPC,4.62,6.365,4.23,8.205,5.05,6.575,4.365,4.38,5.6,7.445,4.29,4.55,8.76,5.455,4.56
478.29,337.305,LysoPE18:2,PE31:1,10.68,18.8,9.405,32.29,23.74,28.245,20.455,16.925,16.29,47.215,16.83,19.79,40.09,22.88,18.5
480.31,339.325,LysoPE18:1,PE31:1,307.13,540.17,293.51,817.33,620.07,698.48,521.92,497.94,456.99,616.21,578.42,497.23,920.465,595.7,536.245
482.32,341.345,LysoPE18:0,PE31:1,113.82,133.595,105.04,153.86,129.275,136.095,131.24,132.12,155.96,189.275,178.55,176.67,161.255,141.465,142.515
492.31,184.105,LysoPC16:2,DLPC,0.46,0.425,0.435,0.52,0.42,0.525,0.48,0.31,0.43,0.49,0.45,0.42,0.69,0.44,0.495
494.32,184.105,LysoPC16:1,DLPC,16.09,23.19,14.115,25.655,17.575,21.25,16.655,15.185,19.19,20.7,15.63,16.27,26.25,16.615,15.855
496.34,184.105,LysoPC16:0,DLPC,133.995,157.635,132.94,184.6,138.005,163.415,117.395,105.385,124.65,128.505,94.2,91.52,164.945,132.29,117.675
506.32,365.345,LysoPE20:2,PE31:1,5.585,10.235,5.905,12.71,12.66,12.12,7.385,9.405,6.52,17.28,5.28,2.48,13.955,8.55,8.04
508.34,367.355,LysoPE20:1,PE31:1,62.105,94.61,60.65,171.08,139.825,163.125,93.105,146.28,89.49,95.765,127.61,40.62,154.14,131.44,122.55
510.36,369.375,LysoPE20:0,PE31:1,2.65,3.215,2.485,4.805,3.81,4.595,3.39,3.79,2.97,14.56,0,1.64,6.39,3.435,3.355
520.66,184.105,LysoPC18:2,DLPC,0.63,0.945,0.525,1.595,0.87,1.075,0.72,0.77,0.71,4,0.62,0.57,1.55,0.72,0.715
522.36,184.105,LysoPC18:1,DLPC,71.415,90.05,64.745,102.18,80.155,91.245,67.55,63.545,77.27,77.49,69.45,63.49,96.39,75.83,70.255
524.37,184.105,LysoPC18:0,DLPC,38.225,37.13,31.12,44.14,40.255,46.555,25.8,22.18,33.36,23.335,22.12,16.36,44.755,33.25,32.515
534.36,393.375,LysoPE22:2,PE31:1,3.545,5.165,2.89,16.21,11.6,13.955,8.54,7.995,5.88,25.26,6.55,3.88,13.54,7.935,9.08
536.37,395.385,LysoPE22:1,PE31:1,3.1,5.325,2.8,6.695,7.28,8.445,6.175,6.28,5.51,8.375,7.1,3.94,9.355,8.06,7.325
538.39,397.405,LysoPE22:0,PE31:1,1.995,2.625,2.57,1.975,2.405,2.865,2.05,2.24,2.78,9.845,1.88,1.78,3.27,2.68,2.685
548.37,184.105,LysoPC20:2,DLPC,2.025,2.365,2.05,2.315,2.185,2.355,1.59,1.62,2.34,2.87,1.29,1.29,2.51,1.865,1.68
550.39,184.105,LysoPC20:1,DLPC,14.36,14.66,12.64,20.94,16.865,18.99,11.02,9.385,12.23,10.45,9.29,8.05,18.46,12.435,12.355
552.4,184.105,LysoPC20:0,DLPC,3.585,3.39,2.945,4.345,2.995,3.49,2.59,2.445,3.2,2.6,1.76,1.98,4.315,2.945,3.03
576.4,184.105,LysoPC22:2,DLPC,0.385,0.41,0.345,0.645,0.5,0.65,0.41,0.255,0.48,0.855,0.34,0.23,0.765,0.325,0.27
578.42,184.105,LysoPC22:1,DLPC,1.175,1.13,0.985,1.6,1.145,1.34,1.07,0.935,1.33,1.015,0.77,0.72,1.68,1.235,1.12
580.43,184.105,LysoPC22:0,DLPC,1.57,1.915,1.385,2.56,1.37,1.825,0.93,1.07,1.87,2.29,1.15,1.15,3.875,1.11,1.25
622.44,184.105,PC12:0,DLPC,4000,4000,4000,4000,4000,4000,4000,4000,4000,4000,4000,4000,4000,4000,4000
624.37,483.385,PE28:6,PE31:1,2.94,3.12,2.745,1.72,2.54,2.445,1.73,1,2.25,16.24,0,1.14,5.05,2,1.555
626.38,485.395,PE28:5,PE31:1,1.11,1.275,0,0,0.81,0.92,0,0,0.92,18.44,0,0,0,1.06,0
628.4,487.415,PE28:4,PE31:1,0.705,0.85,0.48,0,0.835,0.7,0,0,0,67.58,0,0,0,1.24,0.715
630.41,489.425,PE28:3,PE31:1,1.225,0.965,0.895,3.035,1.37,1.07,1.09,1.685,1.29,21.905,0,0,2.345,2.045,1.015
632.43,491.445,PE28:2,PE31:1,3.42,4.6,4.065,7.45,4.77,4.76,3.645,3.33,4.05,6.605,2.17,2.4,6.44,4.465,3.505
634.44,493.465,PE28:1,PE31:1,23.12,34.52,22.265,40.475,22.725,25.325,14.405,17.18,21,25.06,24.13,12.45,45.365,19.32,17.985
636.46,495.475,PE28:0,PE31:1,25.88,33.415,22.99,43.645,28.985,27.815,22.68,24.705,28.17,31.395,30.23,19.73,45.825,26.435,27.595
638.42,497.435,PE(O-)30:6,PE31:1,2.74,2.985,3.475,5.4,2.24,2.87,2.15,2.24,3.71,12.81,2.98,1.97,7.315,2.335,2.56
640.43,499.455,PE(O-)30:5,PE31:1,0,0,0,0,0,0.37,0,0,0,7.335,0,0,0.565,0,0
642.45,501.465,PE(O-)30:4,PE31:1,0,0.37,0,0,0.395,0.685,0,0,0,4.02,0,0,1.33,0,0
644.47,503.485,PE(O-)30:3,PE31:1,0.85,2.11,1.8,2.005,1.56,2.015,1.845,1.39,1.54,51.6,0,0.94,2.375,2.015,1.775
646.48,505.495,PE(O-)30:2,PE31:1,3.14,3.715,2.585,4.215,3.1,3.59,3.345,2.45,2.35,10.495,0,1.18,5.36,3.17,3.03
648.5,507.515,PE(O-)30:1,PE31:1,8.855,5.625,5.3,6.185,8.055,6.765,5.575,6.64,5.96,12.205,3.99,6.33,9.24,6.23,6.57
650.51,509.525,PE(O-)30:0,PE31:1,18.34,17.87,15.285,22.42,17.06,17.145,16.375,14.94,21.23,46.355,20.73,12.94,19.08,15.59,15.225
652.4,511.415,PE30:6,PE31:1,2.655,2.42,2.46,3.41,1.975,2.52,1.635,2.225,2.32,19.405,0,1.41,3.595,2.045,1.79
654.41,513.425,PE30:5,PE31:1,0,0,0,0,0,0.67,0,0,0,9.345,0,0,0,0,0
656.43,515.445,PE30:4,PE31:1,1.135,1.915,0.355,1.5,1.505,2.085,0.365,1.27,1.28,35.655,0,0.96,2.09,1.07,1.05
658.44,517.465,PE30:3,PE31:1,1.7,1.66,1,1.625,2.205,2.255,1.39,1.045,2.45,20.09,0,0,2.75,2.32,2.445
660.46,519.475,PE30:2,PE31:1,5.905,7.015,5.02,7.275,6.35,7.29,4.56,6.87,7.36,18.875,5.06,7.52,9.015,7.25,5.74
662.48,521.495,PE30:1,PE31:1,216.37,246.48,197.065,228.965,232.17,232.85,232.78,212.005,247.33,238.985,237.47,237.7,245.64,234.795,237.625
664.49,523.505,PE30:0,PE31:1,249.39,275.045,237.73,332.835,237.33,260.645,244.705,218.86,261.64,303.175,325.65,271.83,280.26,253.21,249.435
666.41,184.105,PC28:6,DLPC,11.075,11.71,9.975,13.895,10.215,10.175,8.79,7.67,14.25,13.69,8.12,7.39,17.845,8.19,8.015
666.45,525.465,PE(O-)32:6,PE31:1,12.625,12.98,14.005,18.045,11,15.365,11.96,10.39,14.61,41.34,14.5,15.5,16.55,13.52,12.81
668.43,184.105,PC28:5,DLPC,0.585,0.72,0.525,0.87,0.44,0.555,0.43,0.34,0.76,0.865,0,0.28,1.52,0.25,0.275
668.47,527.485,PE(O-)32:5,PE31:1,0.75,0.565,0.355,0,0.98,1.155,0.72,0.82,1.1,15.675,0,0,0.745,0.62,0.315
670.44,184.105,PC28:4,DLPC,0.29,0.255,0.235,0.43,0.22,0.2,0.21,0.16,0.27,1.015,0,0.16,0.595,0.185,0.15
670.48,529.495,PE(O-)32:4,PE31:1,0,0,0.33,0,0,0.285,0,0.315,0,5.655,0,0,1.21,0.76,0
672.46,184.105,PC28:3,DLPC,0.65,0.585,0.63,0.995,0.575,0.63,0.65,0.595,0.74,1.06,0.08,0.5,1.1,0.65,0.545
672.5,531.515,PE(O-)32:3,PE31:1,1.335,1.33,1.43,2.015,1.91,1.875,2.09,1.675,1.37,52.08,0,0,1.895,1.61,0.94
674.48,184.105,PC28:2,DLPC,5,5.53,4.555,5.56,4.71,5.3,4.575,4.36,4.43,5.06,4.14,4.33,6.305,5.03,4.315
674.51,533.525,PE(O-)32:2,PE31:1,31.745,26.885,29.015,29.735,25.795,27.095,30.22,27.99,28.94,43.74,28.14,30.36,31.545,32.425,26.95
676.49,184.105,PC28:1,DLPC,138.95,146.38,122.27,178.885,122.715,136.13,125,116.535,135.64,123.22,167.53,129.96,184.02,127.46,121.5
676.49,535.505,PE31:1,PE31:1,10000,10000,10000,10000,10000,10000,10000,10000,10000,10000,10000,10000,10000,10000,10000
678.51,184.105,PC28:0,DLPC,2236.22,2231.375,2029.735,2392.81,2066.615,2287.69,2332.445,2177.94,2523.31,2344.74,2550.35,2595.75,2513.53,2430.73,2358
678.54,537.555,PE(O-)32:0,PE31:1,633.41,610.395,643.375,608.6,610.23,632.26,634.165,612.02,670.36,653.77,702.18,629.51,676.715,631.21,642.965
680.43,539.445,PE32:6,PE31:1,13.06,11.425,12.57,11.23,12.35,10.17,13.61,11.69,13.48,23.25,0,11.65,14.2,10.67,10.21
680.47,184.105,PC(O-)30:6,DLPC,105.77,106.29,93.79,111,93.395,99.875,102.17,101.6,109.58,111.015,112.18,111.24,118.42,108.9,105.235
682.44,541.465,PE32:5,PE31:1,0,1.19,0.78,0,1.21,0.755,0.42,0,0,27.025,0,0,1.175,1.09,0.405
682.48,184.105,PC(O-)30:5,DLPC,3.02,3.02,2.64,2.935,2.18,2.645,2.61,2.465,3.32,3.025,3.32,2.88,4.15,2.19,2.05
684.46,543.475,PE32:4,PE31:1,4.79,5.52,5.24,5.615,6.29,4.445,5.535,4.655,8.79,20.82,0,5.03,6.025,6.04,6.075
684.5,184.105,PC(O-)30:4,DLPC,1.11,1.15,0.935,1.235,0.845,0.9,0.88,0.845,1.1,1.15,0.82,0.83,1.63,0.825,0.84
686.48,545.495,PE32:3,PE31:1,17.905,18.655,19.67,19.915,18.655,19.43,19.655,18.045,23.17,39.285,16.71,20.83,22.895,21.41,15.205
686.51,184.105,PC(O-)30:3,DLPC,3.6,3.325,3.225,3.55,2.83,3.095,2.935,2.725,3.49,3.525,3.24,3.15,3.995,3.34,2.78
688.49,547.505,PE32:2,PE31:1,1776.63,1946.09,1476.515,1777.105,1781.905,1823.09,2043.405,1876.56,2042.34,2116.925,1986.8,1950.42,2073.08,2063.06,1960.125
688.53,184.105,PC(O-)30:2,DLPC,32.22,32.55,27.36,28.68,28.405,30.73,26.95,28.355,29.67,27.51,26.63,29.81,34.515,31.655,29.95
690.51,549.525,PE32:1,PE31:1,14357.685,14588.805,12974.06,14481.925,12861.6,14173.125,14328.775,13897.545,15293.52,15323.795,17363.38,15325.51,15568.46,14645.56,14328.485
690.54,184.105,PC(O-)30:1,DLPC,1013.145,984.04,917.15,947.095,835.625,930.695,873.455,918.47,950.07,955.4,905.4,1025.02,1077.27,990.545,953.115
692.52,551.535,PE32:0,PE31:1,1203.05,1175.185,1087.505,1259.145,1019.375,1209.345,1159.825,1093.575,1217.86,1236.365,1585.22,1231.83,1278.03,1204.815,1157.665
692.56,184.105,PC(O-)30:0,DLPC,5781.65,5624.09,5179.87,4788.17,4843.71,5773.665,5021.23,5523.59,5650.15,5717.19,6356.65,5886.64,6575.14,5969.315,5743.535
694.44,184.105,PC30:6,DLPC,261.4,236.15,226.395,242.79,212.4,247.385,225.835,232.28,252.15,249.01,263.12,245.37,299.215,259.875,242.85
694.48,553.495,PE(O-)34:6,PE31:1,32.295,25.98,24.65,38.525,25.545,28.735,29.39,24.97,29.82,33.975,29.22,33.67,30.385,28.02,29.825
696.46,184.105,PC30:5,DLPC,3.805,4.075,3.385,3.395,2.84,3.335,2.685,2.945,4.14,3.655,5.08,3.1,6.195,2.935,2.795
696.5,555.515,PE(O-)34:5,PE31:1,4.68,4.31,4.45,4.98,4.435,4.45,5.195,4.31,8.23,31.67,0,5.78,4.44,5.595,4.395
698.48,184.105,PC30:4,DLPC,1.92,2.105,1.755,2.08,1.63,1.765,1.39,1.51,1.58,1.33,1.27,1.4,2.935,1.57,1.545
698.51,557.525,PE(O-)34:4,PE31:1,96.38,124.585,108.615,98.565,119.305,118.79,113.7,100.605,148.03,277.94,116.77,98.14,92.21,146.535,119.225
700.49,184.105,PC30:3,DLPC,5.91,6.605,5.995,6.505,5.855,6.23,6.2,5.235,5.56,5.875,4.03,5.82,6.855,6.19,5.965
700.53,559.545,PE(O-)34:3,PE31:1,38.215,38.855,30.44,42.14,34.88,40.565,35.75,35.075,43.35,51.865,32.31,38.87,38.015,40.39,37.87
702.51,184.105,PC30:2,DLPC,147.83,151.535,137.9,147.93,133.13,142.495,130.125,131.755,152.76,126.5,149.57,139.98,151.995,147.09,144.2
702.54,561.555,PE(O-)34:2,PE31:1,455.185,463.475,422.4,452.655,419.31,463.365,502.94,447.64,582.9,498.77,536.73,485.33,501.74,485.6,480.545
704.52,184.105,PC30:1,DLPC,7619.49,7934.035,7062.905,7594.68,7149.865,7423.125,7186.34,7176.465,8282.43,7632.865,8340.53,7590.16,8116.125,7801.7,7831.42
704.56,563.575,PE(O-)34:1,PE31:1,1667.615,1580.89,1467.825,1836.245,1438.545,1552.405,1690.92,1632.975,1854.61,2005.085,2201.59,1793.21,1864.245,1696.66,1649.99
706.54,184.105,PC30:0,DLPC,25666.565,24139.165,21837.99,25727.445,20849.175,24225.445,21200.095,21564.91,23022.87,22323.07,23107.44,21926.65,26708.37,24115.655,24118.75
706.58,565.595,PE(O-)34:0,PE31:1,225.445,213.76,205.325,259.955,183.15,234.195,239.815,207.73,259.32,287.91,267.44,258.51,282.45,236.635,217.075
708.46,567.475,PE34:6,PE31:1,11.415,10.49,9.34,15.435,10.07,9.865,10.085,10.185,13.09,20.545,17.85,11.31,14.61,12.515,11.865
708.5,184.105,PC(O-)32:6,DLPC,1139.345,1152.715,1010.52,1110.69,953.145,1104.49,954.765,976.955,1070.73,1043.925,1304.92,1024.48,1221.97,1070.385,1122.875
710.48,569.495,PE34:5,PE31:1,35.12,40.965,31.155,34.09,34.655,36.605,37.225,29.645,43.26,81.325,16.51,39.37,33.74,44.17,35.985
710.51,184.105,PC(O-)32:5,DLPC,20.68,21.935,20.295,22.34,15.59,18.065,18.405,18.06,19.95,21.66,25.37,22.2,21.62,18.735,16.975
712.49,571.505,PE34:4,PE31:1,209.45,236.265,205.11,263.74,227.055,247.61,242.21,197.185,303.91,535.125,239.34,240.85,221.465,273.445,242.325
712.53,184.105,PC(O-)32:4,DLPC,7.53,8.22,7.03,6.68,5.945,6.495,6.37,6.905,6.25,7.035,7.91,6.63,8.05,6.725,6.475
714.51,573.525,PE34:3,PE31:1,840.845,871.79,730.845,852.61,839.675,888.155,963.85,872.975,921.85,936.925,850.88,857.81,944.275,962.1,909.71
714.54,184.105,PC(O-)32:3,DLPC,38.705,41.14,37.325,37.77,33.34,38.4,34.24,36.23,37.81,35.95,42.16,37.99,41.875,39.73,37.31
716.52,575.535,PE34:2,PE31:1,22563.92,24420.155,21336.02,23592.17,21986.29,23187.425,24454.055,23498.475,25267.12,26192.965,26475.98,25003.54,25887.42,25246.135,23942.165
716.56,184.105,PC(O-)32:2,DLPC,1768.985,1960.19,1653.03,1754.33,1602.925,1769.135,1703.395,1822.935,1860.1,1693.33,1628.31,1882.19,2077.82,1835.705,1859.19
718.54,577.555,PE34:1,PE31:1,40698.445,43005.605,40173.87,52528.07,36774.46,41396.595,42661.52,38566.01,42276.11,44469.14,46853.73,45692.14,47967.02,43110.3,39213.845
718.58,184.105,PC(O-)32:1,DLPC,34606.44,37085.975,29108.935,33210.695,31027.88,35189.05,34189.085,36586.285,37104.7,32555.065,33792.64,37567.4,40672.93,37261.67,36269.045
720.55,579.575,PE34:0,PE31:1,2673.25,2539.23,2450.305,3420.39,2230.625,2511.345,2741.53,2426.735,2909.97,2695.415,2742.14,2819.12,2862.075,2694.495,2462.39
720.59,184.105,PC(O-)32:0,DLPC,21110.255,20880.075,18950.37,22215.96,16630.52,20110.8,19725.225,19868.33,20726.73,20947.2,20007.24,20477.15,23922.655,21220.575,20200.375
722.48,184.105,PC32:6,DLPC,980.18,951.62,922.73,1092.615,761.745,938.895,889.35,919.575,920.95,995.21,966.61,980.45,1101.17,976.66,955.965
722.51,581.525,PE(O-)36:6,PE31:1,82.165,84.385,72.145,83.785,69.585,75.525,78.405,74.265,95.69,112.74,74.7,79.32,92.48,83.71,78.35
724.49,184.105,PC32:5,DLPC,16.92,16.37,16.555,19.54,12.555,15.035,12.47,14.255,16.29,17.55,16.76,14.36,25.44,14.405,13.79
724.53,583.545,PE(O-)36:5,PE31:1,156.02,141.7,136.96,163.09,127.14,138.455,148.585,133.34,156.51,202.985,186.56,151.8,159.09,149.08,141.225
726.51,184.105,PC32:4,DLPC,8.36,8.395,8.13,9.185,6.355,6.975,6.905,7.255,7.9,7.54,6.54,8.4,9.12,7.5,7.49
726.54,585.555,PE(O-)36:4,PE31:1,142.33,149.015,141.65,152.96,146.765,152.83,163.785,160.945,188.82,223.125,164.47,178.35,165.105,173.16,150.395
728.52,184.105,PC32:3,DLPC,119.62,129.85,102.945,120.78,101.945,111.96,100.295,108.08,111.17,94.4,90.81,112.08,122.62,118.575,117.005
728.56,587.575,PE(O-)36:3,PE31:1,175.57,193.82,167.885,216.955,180.955,188.015,194.785,191.44,205.68,244.095,181.12,208.53,215.215,217.17,194.805
730.54,184.105,PC32:2,DLPC,9145.355,9003.33,7350.32,8417.28,7727.47,8457.42,7841.425,8487.38,8449.22,7355.87,6850.1,9026.49,9131.045,8882.785,8858.275
730.58,589.595,PE(O-)36:2,PE31:1,1868.52,1929.845,1680.765,2215.845,1753.175,1893.1,1918.83,1969.565,1921.08,2140.745,1864.41,2128.9,2234.22,2085.405,1870.05
732.55,184.105,PC32:1,DLPC,168485.225,172803.685,139901.45,168113.845,148257.89,159893.36,145620.38,158008.065,172366.61,148759.7,151520.47,169413.01,183642.63,167789.895,171051.215
732.59,591.605,PE(O-)36:1,PE31:1,1703.435,1739.12,1670.285,2201.145,1486.16,1732.885,1783.635,1625.475,1917.94,2109.355,2038.81,1995,2161.545,1854.625,1694.21
734.57,184.105,PC32:0,DLPC,32197.89,31922.64,28635.775,34359.04,26154.43,31063.5,28109.23,28333.81,28200.96,28505.07,29430.56,29649.67,34531.3,30981.545,29750.645
734.61,593.625,PE(O-)36:0,PE31:1,150.72,151.985,153.08,202.4,141.475,154.1,168.34,145.625,170.88,200.39,162.41,172.25,180.27,167.025,151.02
736.49,595.505,PE36:6,PE31:1,150.135,160.28,134.55,201.715,178.555,193.325,210.105,187.745,196.73,211.025,164.38,178.09,224.855,229.89,199.915
736.53,184.105,PC(O-)34:6,DLPC,1288.765,1239.38,1172.295,1342.08,1028.71,1194.57,1011.765,1068.795,1137.47,1142.585,1119.84,1153.37,1370.905,1184.655,1206.105
738.51,597.525,PE36:5,PE31:1,1493.31,1616.065,1359.58,1951.21,1548.44,1821.615,1718.915,1581.96,1784.04,1895.575,1432.43,1589.9,1840.17,1920.41,1720.87
738.54,184.105,PC(O-)34:5,DLPC,35.95,36.19,32.635,39.435,28.825,35.58,28.49,32.485,33.25,31.255,32.6,34.3,39.775,33.82,33.18
740.52,599.535,PE36:4,PE31:1,3850.895,3846.39,3571.07,4945.85,3593.945,4082.42,3762.105,3605.125,4178.82,4136.285,4326.93,3720.79,4208.715,4200.145,3794.58
740.56,184.105,PC(O-)34:4,DLPC,39.7,39.16,33.575,36.55,33.15,36.66,32.725,37.58,39.96,36.73,35.53,35.98,42.165,38.43,38.68
742.54,601.555,PE36:3,PE31:1,4913.485,5284.535,4513.36,5192.075,4681.77,5262.48,5170.205,4945.895,5640.52,5804.945,4376.71,5401.72,5901.145,5620.75,5187.55
742.58,184.105,PC(O-)34:3,DLPC,928.22,969.225,752.535,813.545,777.44,864.545,750.75,924.285,938.23,899.355,809.02,902.79,990.515,901.265,904.19
744.55,603.575,PE36:2,PE31:1,51304.54,52064.635,47707.435,58041.195,46742.445,50371.34,52689.41,51277.35,56069.33,61097.615,60923.62,57992.98,61963.335,56296.6,51653.295
744.59,184.105,PC(O-)34:2,DLPC,13422.535,13780.505,11004.265,12708.055,11335.185,12376.935,12286.205,13641.47,14316.37,13187.675,13312.76,14199.96,15534.72,13855.75,13948.005
746.57,605.585,PE36:1,PE31:1,20105.175,18026.69,20168.415,29059.1,19028.42,20269.17,21068.13,19009.33,22352.45,24725.97,24119.94,23624.83,26068.86,21055.015,19894.195
746.61,184.105,PC(O-)34:1,DLPC,60763.06,61976.78,50493.12,60099.78,52550.85,57048.325,54604.645,63725.715,62049.99,60338.58,61802.19,64446.54,74636.29,61350.645,60664.785
748.59,607.605,PE36:0,PE31:1,1354.845,1155.4,1245.45,1783.745,1219.205,1253.35,1251.515,1185.645,1279.87,1592.095,1691.24,1525.49,1573.635,1343.68,1270.78
748.62,184.105,PC(O-)34:0,DLPC,8462.935,8225.41,7605.38,9308.77,7154.81,8269.345,7794.705,8539.895,8458.38,8138.215,8523.51,9072.45,9715.06,8419.935,8579.455
750.51,184.105,PC34:6,DLPC,424.03,387.36,372.53,445.065,348.88,395.97,363.055,395.75,402.71,420.56,380.68,403.43,471.235,406.405,404.29
750.54,609.555,PE(O-)38:6,PE31:1,309.835,312.845,264.935,363.215,285.735,315.015,308.63,327.47,360.46,424.82,325.9,366.96,373.965,348.055,329.19
752.52,184.105,PC34:5,DLPC,51.755,51.13,46.6,52.255,42.06,47.085,40.37,45.61,46.65,48.35,32.18,44.51,60.83,46.4,46.33
752.56,611.575,PE(O-)38:5,PE31:1,419.325,397.7,359.86,496.915,410.68,450.145,508.63,471.05,519.66,563.66,448.52,510.37,569.01,518.085,489.175
754.54,184.105,PC34:4,DLPC,194.8,208.49,168.755,187.73,159.36,175.14,171.995,181.72,178.57,154.045,134.3,174.6,203.83,185.21,185.465
754.58,613.595,PE(O-)38:4,PE31:1,338.06,344.065,301.665,371.56,325.315,347.315,371.075,353.745,385.64,438.935,351.09,384.58,422.645,394.795,386.175
756.55,184.105,PC34:3,DLPC,2246.185,2409.645,1997.045,2061.41,1966.56,2097.86,2026.38,2221.095,2121.08,2220.015,1922.09,2158.69,2477.84,2261.605,2275.36
756.59,615.605,PE(O-)38:3,PE31:1,190.08,178.845,187.18,231.5,174.325,190.055,206.87,175.27,212.9,263.315,190.09,197.45,221.805,206,198.96
758.57,184.105,PC34:2,DLPC,75003.03,77730.705,67324.275,76655.555,66292.955,74692.935,64266.465,74372.325,76288.51,74004.885,58403.83,74048.38,82030.82,76503.675,77773.585
758.61,617.625,PE(O-)38:2,PE31:1,482.18,432.405,435.325,592.14,451.61,490.875,498.44,488.065,507.18,583.33,507.17,554.51,592.385,494.235,505.92
760.59,184.105,PC34:1,DLPC,256798.555,247658.4,218332.7,246393.585,216082.815,234310.04,208990.24,246315.535,246188.04,241681.96,214102.74,230593.43,279181.685,240170.43,246955.205
760.62,619.635,PE(O-)38:1,PE31:1,281.75,270.47,269.685,310.765,282.345,286.775,309.745,280.25,293.54,336.685,297.18,307.19,341.51,325.595,304.535
762.6,184.105,PC34:0,DLPC,15707.255,15636.965,13397.695,16376.19,13308.225,14653.875,12944.5,15374.45,15294.52,14132.81,15458.72,14078.04,17571.16,14552.84,15370.79
762.64,621.655,PE(O-)38:0,PE31:1,445.855,481.02,417.935,561.05,530.22,574.465,611.795,535.195,615.12,584.91,576.63,497.33,620.645,650.455,577.305
764.52,623.535,PE38:6,PE31:1,5159.535,5292.995,4684.445,5474.785,4916.645,5305.49,5105.45,5096.7,5528.16,5370.065,4748.9,4911.17,5875.98,5716.335,5560.56
764.56,184.105,PC(O-)36:6,DLPC,381.965,378.49,346.775,426.575,327.185,361.395,326.035,363.925,396.64,392.47,336.42,374.24,433.415,356.47,373.625
766.54,625.555,PE38:5,PE31:1,8459.62,8510.94,7873.44,9553.4,7813.135,8854.755,8120.46,8295.3,9229.39,9257.945,8840.89,8550.04,9711.775,9261.73,8702.915
766.58,184.105,PC(O-)36:5,DLPC,1392.01,1446.835,1178.83,1267.98,1147.81,1260.955,1157.45,1358.145,1252.1,1367.475,1421.54,1291.81,1545.035,1370.42,1351.535
768.55,627.575,PE38:4,PE31:1,7788.665,7172.115,7184.53,8506.02,6565.62,6971.96,7129.135,7407.88,8276.2,8253.41,7674.78,7518.05,9097.805,7701.75,7514.33
768.59,184.105,PC(O-)36:4,DLPC,3244.245,3396.315,2772.43,3167.62,2854.755,3104.995,2840.36,3339.55,3175.18,3365.895,3143.34,3205.84,3835.415,3251.125,3266.945
770.57,629.585,PE38:3,PE31:1,1847.56,1720.17,1693.885,2169.395,1663.8,1771.935,1794.72,1728.635,2091.03,2023.225,2068.59,1901.26,2157.245,1841.175,1809.905
770.61,184.105,PC(O-)36:3,DLPC,3530.135,3724.895,3157.505,3549.665,3050.315,3402.78,3065.435,3804.765,3574.08,3722.995,3640.13,3498.99,4199.595,3669.33,3621.38
772.59,631.605,PE38:2,PE31:1,1858.86,1584.52,1659.3,2153.21,1598.405,1541.775,1677.365,1578.14,1954.48,2266.375,1940.69,2087.46,2124.225,1787.92,1663.135
772.62,184.105,PC(O-)36:2,DLPC,14626.705,15040.265,12782.675,15805.485,13030.24,14345.12,12974.075,16423.215,15673.56,15882.685,15733.51,14771.35,17508.495,15308.305,15445.28
774.6,633.615,PE38:1,PE31:1,365.79,322.18,387.945,482.1,345.72,356.59,394.055,327.87,454.22,488.11,367.67,429.73,467.115,382.82,359.465
774.64,184.105,PC(O-)36:1,DLPC,8063.615,7832.355,7061.24,8601.82,7083.39,7560.48,6998.08,8553.32,8051.04,9014.36,6930.76,8031.85,9389.715,8001.4,8266.53
776.62,635.635,PE38:0,PE31:1,124.86,125.8,117.235,140.61,110.105,120.765,129.86,127.175,142.46,167.54,127.08,135.05,142.19,131.03,135.855
776.65,184.105,PC(O-)36:0,DLPC,944.435,876.66,927.95,1001.645,766.155,855.175,830.905,914.765,909.26,977.31,867.02,939.86,1076.565,939.53,902.295
778.54,184.105,PC36:6,DLPC,237.48,251.005,219.995,240.535,191.615,214.27,193.83,207.245,197.72,204.13,162.42,209.17,253.875,215.885,208.19
778.58,637.595,PE(O-)40:6,PE31:1,334.805,350.825,314.31,420.93,312.45,333.995,384.325,337.49,392.45,427.62,389.05,343.22,407.51,371.51,365.145
780.55,184.105,PC36:5,DLPC,1767.935,1888.995,1592.175,1690.58,1396.34,1558.13,1360.84,1459.16,1464.06,1424.38,1392.73,1284.34,1729.375,1520.575,1542.715
780.59,639.605,PE(O-)40:5,PE31:1,251.515,236.235,232.8,278.285,214.27,243.04,267.015,253.255,276.62,267.01,245.24,251.97,294.165,248.58,241.22
782.57,184.105,PC36:4,DLPC,4710.79,5133.505,4390.095,4505.315,3973.35,4017.145,3602.205,4129.29,4036.29,3932.17,2941.73,3801.47,4697.66,4196.295,4250.44
782.61,641.625,PE(O-)40:4,PE31:1,108.565,115.4,130.635,139.785,98.855,116.63,120.995,122.67,136.16,196.265,115.61,119.66,143.12,124.11,106.065
784.59,184.105,PC36:3,DLPC,9414.925,9636.92,8550.445,9364.345,8035.23,8591.695,7852.775,9411.575,8920,8698.175,8663.46,8427.54,9982.945,8942.7,9221.47
784.62,643.635,PE(O-)40:3,PE31:1,83.56,92.385,125.395,124.225,88.4,90.93,92.515,94.205,103.75,159.31,94.04,99.97,127.04,107.905,85.905
786.6,184.105,PC36:2,DLPC,110196.945,114396.58,91765.475,111899.3,98634.68,104785.15,97740.45,116071.435,106827.82,110547.985,92070.06,117057.98,122127.72,109436.53,108466.695
786.64,645.655,PE(O-)40:2,PE31:1,137.9,162.46,161.15,184.845,151.11,157.355,162.61,145.115,208.63,293.1,153.71,153.65,163.465,192.755,160.08
788.62,184.105,PC36:1,DLPC,18205.995,18611.77,16019.68,19357.38,16294.36,17900.045,16651.5,19358.035,20362.68,19295.205,21544.32,19673.42,21469.875,18196.73,18624.8
788.65,647.665,PE(O-)40:1,PE31:1,237.36,289.61,231.46,314.255,285.66,305.02,312.685,259.065,333.51,490.8,234.55,261.16,295.99,350.485,297.985
790.63,184.105,PC36:0,DLPC,1147.51,1116.83,1090.515,1130.82,953.645,1078.155,980.45,1089.215,1111.93,1134.485,935.98,1156.05,1315.715,1062.635,1055.42
790.67,649.685,PE(O-)40:0,PE31:1,2814.73,3077.52,2593.535,2888.265,2787.62,2878.65,2866.085,2853.825,3223.18,3197.14,2285.04,2689.23,3144.89,3134.05,2970.13
792.55,651.575,PE40:6,PE31:1,10132.08,10336.49,9174.37,11680.45,8754.39,9288.67,10092.33,9820.87,9729.42,10521.29,8931.55,9476.98,11503.695,10368.21,9564.905
792.59,184.105,PC(O-)38:6,DLPC,2394.535,2520.45,2073.24,2158.52,2037.485,2267.115,2047.945,2384.4,2237.62,2444.635,1887.24,2327.65,2749.105,2388.085,2336.015
794.57,653.585,PE40:5,PE31:1,4913.92,4906.895,4470.085,5706.92,4320.26,4384.66,4492.335,4874.285,5025.71,5127.035,4760.56,4854.98,5645.655,4912.035,4571.765
794.61,184.105,PC(O-)38:5,DLPC,3467.885,3617.365,3054.9,3242.78,2883.34,3165.925,2913.355,3457.325,3358.07,3365.12,3587.85,3373.25,3988.175,3363.055,3290.465
796.59,655.605,PE40:4,PE31:1,783.15,782.425,738.655,937.82,685.395,730.605,745.335,729.08,778.25,854.555,784.44,799.08,873.325,796.52,683.06
796.62,184.105,PC(O-)38:4,DLPC,1425.9,1508.695,1329.085,1388.705,1184.295,1260.85,1270.01,1426.905,1337.9,1435.79,1173.68,1413.79,1596.32,1355.7,1339.625
798.6,657.615,PE40:3,PE31:1,179.055,185.64,196.835,228.515,160.35,172.545,187.545,162.305,206.24,258.46,188.05,218.86,230.245,200.195,168.59
798.64,184.105,PC(O-)38:3,DLPC,733.01,765.57,740.68,763.125,618.405,701.415,631.545,768.325,806.45,793.85,618.72,728.83,881.77,705.435,690.87
800.62,659.635,PE40:2,PE31:1,353.24,369.93,337.7,470.94,309.695,309.16,344.945,265.655,366.78,483.42,396.39,418.66,447.075,344.885,321.795
800.65,184.105,PC(O-)38:2,DLPC,1937.3,1860.165,1779.025,2068.28,1644.19,1763.98,1743.455,1980.005,2011.48,2147.255,1972.15,2012.46,2207.28,1805.125,1798.595
802.63,661.645,PE40:1,PE31:1,125.025,140.385,129.73,206.51,120.965,102.24,113.57,91.11,120.08,170.135,134.46,152.1,162.055,123.34,114.56
802.67,184.105,PC(O-)38:1,DLPC,626.55,621.34,596.32,762.185,518.505,563.46,560.085,629.77,616.56,682.415,565.88,676.84,762.32,598.565,560.08
804.65,663.665,PE40:0,PE31:1,41.66,35.07,41.71,52.84,37.065,36.48,38.38,35.51,43.31,84.43,52.92,41.11,47.425,44.06,37
804.68,184.105,PC(O-)38:0,DLPC,253.78,263.48,258.33,278.545,218.93,230.1,223.125,231.67,238.72,251.23,255.26,236.24,291.585,236.34,230.735
806.57,184.105,PC38:6,DLPC,2299.235,2506.635,2122.76,2212.49,1866.385,2045.43,1748.05,2001.35,1978.85,1849.135,2311.93,1861.77,2380.315,2098.86,2075.71
806.61,665.625,PE(O-)42:6,PE31:1,57.66,56.695,60.6,60.785,50.375,53.975,55.505,54.39,62.52,78.49,68.42,59.96,73.465,60.775,53.425
808.59,184.105,PC38:5,DLPC,3379.06,3836.18,3282.365,3427.36,2836.205,2994.835,2590.76,2928.62,2844.45,2476.19,2735.36,2869.77,3462.97,3040.51,3112.405
808.62,667.635,PE(O-)42:5,PE31:1,42.78,45.43,52.885,48.145,40.81,40.945,31.92,42.4,49.81,48.52,31.85,44.95,51.51,46.575,36.59
810.6,184.105,PC38:4,DLPC,1699.95,1833.95,1658.555,1674.01,1367.065,1493.07,1329.725,1537.555,1510.06,1405.065,1336.06,1499.58,1799.575,1562.745,1590.24
810.64,669.655,PE(O-)42:4,PE31:1,28.98,35.725,63.71,40.025,26.345,32.31,27.01,28.37,36.01,64.585,22.17,23.82,44.53,35.8,33.835
812.62,184.105,PC38:3,DLPC,1699.83,1717.43,1672.36,1923.68,1444.405,1580.65,1506.97,1676.24,1707.77,1642.54,1908.38,1721.08,1971.385,1609.715,1613.22
812.65,671.665,PE(O-)42:3,PE31:1,73.425,78.12,96.38,87.405,68.085,76.735,67.855,62.085,81.21,208.525,72.95,64.66,77.975,89.78,70.63
814.63,184.105,PC38:2,DLPC,5836.765,5990.72,5611.175,7346.03,5321.375,6028,5156.665,5795.735,6315.19,6360.185,7137.4,6440.85,7274.615,5753.695,5551.52
814.67,673.685,PE(O-)42:2,PE31:1,125.775,130.475,120.97,158.59,127.725,137.425,114.865,98.165,157.76,390.795,137.5,133.87,118.74,165.255,122.45
816.65,184.105,PC38:1,DLPC,1103.515,1042.455,1005.85,1423.91,885.675,991.46,913.12,918.245,1069.59,1087.46,1476.18,1115.49,1287.54,952.39,885.385
816.68,675.705,PE(O-)42:1,PE31:1,71.085,65.705,67.47,81.75,65.56,67.5,63.535,54.955,91.57,198.32,58.63,71.83,75.26,87.22,64.715
818.66,184.105,PC38:0,DLPC,789.045,831.13,719.97,792.435,654.655,706.64,667.97,780.73,705.28,748.675,745.79,748.92,877.95,745.55,749.445
818.7,677.715,PE(O-)42:0,PE31:1,92.905,100.51,95.17,96.5,84.515,86.7,80.07,84.475,104.81,117.305,61.54,96.1,100.15,101.885,91.88
820.59,679.605,PE42:6,PE31:1,102.555,102.675,96.355,124.71,91.28,96.47,102.36,95.645,107.82,118.57,101.23,112.41,125.26,109.96,89.705
820.62,184.105,PC(O-)40:6,DLPC,963.55,967.605,872.74,868.485,746.07,807.73,768.93,940.29,834.91,862.035,840.25,853.17,1042.25,894.24,865.905
822.6,681.615,PE42:5,PE31:1,86.925,92.04,85.805,90.86,91.95,79.265,87.425,79.125,111.61,109.305,69.94,88.43,105.915,105.29,84.715
822.64,184.105,PC(O-)40:5,DLPC,448.11,477.685,412.795,430.895,375.395,394.34,373.52,442.365,403.35,431.525,431.01,432.59,504.88,425.99,403.715
824.62,683.635,PE42:4,PE31:1,38.905,38.615,37.065,49.075,33.995,34.48,38.41,33.04,40.95,45.505,52.76,37.96,38.825,44.5,33.91
824.65,184.105,PC(O-)40:4,DLPC,146.075,160.58,175.455,153.575,120.19,132.47,124.745,147.7,166.12,138.57,174.74,144.53,173.8,138.96,129.11
826.63,685.645,PE42:3,PE31:1,53.705,48.025,50.49,68.16,45.43,40.17,48.955,34.875,55.12,66.775,77.56,58.38,61.39,46.05,34.31
826.67,184.105,PC(O-)40:3,DLPC,133.58,144.44,220.525,143.41,104.955,136.515,118.645,130.37,210.24,136.61,145.72,132.67,196.855,127.17,111.485
828.65,687.665,PE42:2,PE31:1,113.145,102.995,116.225,145.64,97.055,86.38,103.33,73.125,121.62,144.85,98.52,129.22,136.08,108.34,86.29
828.68,184.105,PC(O-)40:2,DLPC,197.085,202.215,214.47,220.76,163.98,176.345,171.565,192.185,230.86,205.11,215.61,209.45,256.795,193.12,168.18
830.66,689.675,PE42:1,PE31:1,69.35,66.87,79.695,101.73,68.415,55.265,60.58,47.095,74.45,139.855,77.91,89.2,92.145,60.39,50
830.7,184.105,PC(O-)40:1,DLPC,171.34,169.95,157.695,209.265,142.615,147.135,138.615,149.99,178.4,170.395,196.99,179.42,212.18,161.02,150.355
832.68,691.695,PE42:0,PE31:1,9.825,9.69,15.805,12.3,9.065,9.185,11.49,6.66,15.51,47.705,0,11.97,13.87,10.505,8.005
832.72,184.105,PC(O-)40:0,DLPC,633.885,667.155,572.675,653.99,546.47,590.9,514.59,585.33,527.32,549.175,488.54,520.01,682.24,600.355,585.865
834.6,184.105,PC40:6,DLPC,798.23,831.415,672.005,766.3,643.8,725.535,560.09,671.34,653.52,646.36,691.11,610.55,831.935,707.795,694.345
834.64,693.655,PE(O-)44:6,PE31:1,10.34,11.415,13.1,6.475,7.42,8.81,6.355,6.795,8.07,29.58,0,8.17,11.79,10.12,8.555
836.62,184.105,PC40:5,DLPC,401.025,427.205,358.14,370.295,305.945,354.24,301.805,347.255,327.02,322.83,309.09,321.78,408.87,350.2,345.675
836.65,695.665,PE(O-)44:5,PE31:1,37.895,41.595,37.44,39.135,40.41,48.05,35.775,37.79,46.85,34.065,16.44,28.14,33.355,63.09,46.52
838.63,184.105,PC40:4,DLPC,116.645,132.795,137.145,130.49,97.355,108.57,99.21,111.64,121.28,108.135,124.52,110.55,144.82,108.28,104.12
838.67,697.685,PE(O-)44:4,PE31:1,11.735,15.985,14.69,13.495,14.385,13.095,10.985,11.59,13.41,21.44,12.43,12.37,13.905,17.235,14.82
840.65,184.105,PC40:3,DLPC,157.245,173.35,159.515,189.155,141.5,152.305,153.825,171.07,187.3,174.195,187.03,171.19,210.555,163.87,154.04
840.68,699.705,PE(O-)44:3,PE31:1,6.49,5.615,8.06,6.46,6.45,6.165,5.585,6.35,7.82,23.155,0,5.77,7.67,8.845,7.8
842.66,184.105,PC40:2,DLPC,262.125,273.295,254.915,327.065,240.77,226.52,230.955,262.545,258.63,279.78,332.95,296.23,326.255,254.37,237.025
842.7,701.715,PE(O-)44:2,PE31:1,7.93,7.43,9.575,9.33,7.905,8.755,8.07,6.22,11.68,24.82,0,10.39,8.915,9.985,7.455
844.68,184.105,PC40:1,DLPC,100.64,99.495,92.31,119.035,79.695,82.34,86.84,88.05,94.08,98.34,101.84,106.03,125.075,87.73,78.56
844.72,703.735,PE(O-)44:1,PE31:1,5.61,6.655,6.965,5.325,5.825,7.03,5.195,6.075,6.2,18.86,0,6.12,8.4,5.23,6.295
846.7,184.105,PC40:0,DLPC,74.75,81.835,75.595,82.4,57.765,60.515,60.605,65.42,73.18,70.795,82.75,74.79,91.07,60.61,59.57
846.73,705.745,PE(O-)44:0,PE31:1,14.71,16.29,13.37,20.815,13.725,12.165,14.17,12.905,14.96,29.485,16.93,15.15,17.96,15.76,12.53
848.62,707.635,PE44:6,PE31:1,30.73,33.27,33.49,36,30.33,33.38,31.02,28.235,45.36,38.6,0,32.39,39.575,39.34,28.99
848.65,184.105,PC(O-)42:6,DLPC,100.245,106.635,93.835,101.675,76.97,83.015,79.895,89.47,92.32,93.925,82.84,98.27,112.15,84.96,77.65
850.63,709.645,PE44:5,PE31:1,47.47,45.245,46.525,53.23,48.23,40.54,43.74,41.045,45.89,48.535,55.79,43.22,47.235,59.22,38.055
850.67,184.105,PC(O-)42:5,DLPC,84.545,94.925,84.895,87.61,68.28,68.995,68.495,78.675,80.63,82.435,73.19,83.17,98.865,75.5,67.205
852.65,711.665,PE44:4,PE31:1,14.305,15.145,17.525,24.675,14.09,11.395,15.86,10.065,16.54,21.06,16.68,17.04,17.995,19.07,10.13
852.68,184.105,PC(O-)42:4,DLPC,50.585,57.235,74.755,52.11,32.225,43.25,35.575,41.68,65.67,45.31,40.67,43.7,67.34,37.755,31.35
854.66,713.675,PE44:3,PE31:1,9.155,10.58,11.445,14.415,8.165,6.175,10.425,5.335,9.6,11.56,0,10.3,10.655,7.66,5.19
854.7,184.105,PC(O-)42:3,DLPC,40.93,40.52,55.095,38.005,27.77,34.93,29.805,32.97,53.78,31.255,35.41,36.99,51.81,32.355,24.715
856.68,715.695,PE44:2,PE31:1,17.385,15.875,17.365,23.97,12.175,12.455,14.235,9.12,16.15,15.515,0,14.24,20.23,12.885,10.17
856.72,184.105,PC(O-)42:2,DLPC,37.785,38.57,39.19,46.245,28.355,33.515,31.63,34.55,45.72,37.04,35.61,36.17,49.655,34.66,28
858.7,717.715,PE44:1,PE31:1,7.525,6.935,10.86,10.455,3.905,4.945,5.505,3.51,6.93,15.675,0,4.63,5.72,4.195,2.42
858.73,184.105,PC(O-)42:1,DLPC,22.46,24.775,24.265,31.35,18.62,20.99,20.285,20.005,26.02,22.97,20.9,23.35,32.615,21.595,18.065
860.71,719.725,PE44:0,PE31:1,1.79,2.21,4.685,0.585,2.17,2.445,2.575,1.14,3.78,7.865,0,1.26,2.335,2.44,2.05
860.75,184.105,PC(O-)42:0,DLPC,35.12,39.015,36.895,41.295,31.535,34.36,29.845,34.04,31.45,33.56,28.23,34.54,44.32,34.725,31.655
862.63,184.105,PC42:6,DLPC,49.5,53.17,49.225,54.97,40.71,47.5,39.275,45.32,49.2,43.685,35.53,42.77,59.71,45.025,41.175
864.65,184.105,PC42:5,DLPC,27.87,30.73,30.995,33.185,23.385,26.385,24.205,26.415,27.86,26.555,23.49,28.09,37.425,26.26,23.275
866.66,184.105,PC42:4,DLPC,17.195,17.6,19.595,21,14.72,17.045,15.165,16.195,20.03,16.775,18.56,16.83,23.42,15.05,13.86
868.68,184.105,PC42:3,DLPC,52.46,56.835,54.505,64.87,43.63,48.955,49.415,53.595,61.11,54.415,50.48,56.91,73.045,50.92,47.005
870.7,184.105,PC42:2,DLPC,90.305,102.23,90.015,118.45,84.06,78.05,82.5,92.085,102.16,98.585,101.36,103.05,119.735,82.445,81.725
872.71,184.105,PC42:1,DLPC,40.5,46.575,40.24,53.39,33.975,32.785,35.385,34.67,40.11,46.445,45.83,45.58,55.17,36.445,32.53
874.73,184.105,PC42:0,DLPC,16.385,16.1,17.235,17.585,11.71,12.895,11.995,12.69,17.32,14.805,15.49,16.17,20.435,13.59,11.53
876.68,184.105,PC(O-)44:6,DLPC,21.97,21.975,29.455,22.265,16.265,18.115,16.09,18.37,27.77,21.525,24.2,19.69,26.955,17.1,13.66
878.7,184.105,PC(O-)44:5,DLPC,19.74,22.09,26.375,22.67,14.01,17.675,15.655,17.13,24.65,20.015,14.79,20.75,27.51,16.83,13.95
880.72,184.105,PC(O-)44:4,DLPC,11.5,12.5,15.98,13.33,8.595,9.905,8.955,9.925,14.75,12.18,9.69,11.43,16.01,9.9,7.755
882.73,184.105,PC(O-)44:3,DLPC,11.21,10.77,14.67,12.53,6.71,9.67,7.615,8.525,17.89,13.045,11.8,8.2,17.115,8.46,6.85
884.75,184.105,PC(O-)44:2,DLPC,9.835,10.3,11.965,13.89,7.115,8.425,7.79,9.335,14.49,12.375,10.17,10.54,14.665,9.06,6.915
886.76,184.105,PC(O-)44:1,DLPC,6.795,6.485,7.93,8.015,4.48,6.005,4.66,4.8,7.37,6.55,5.48,5.49,8.99,5.54,4.37
888.78,184.105,PC(O-)44:0,DLPC,6.045,6.335,6.78,6.9,4.455,5.83,4.405,4.805,6.91,5.51,2.96,5.05,8.57,6.555,4.405
890.66,184.105,PC44:6,DLPC,11.43,9.715,14.28,10.595,6.37,9.785,6.015,7.345,13.51,10.76,6.46,6.65,13.715,7.615,5.585
892.68,184.105,PC44:5,DLPC,9.225,9.14,13.57,11.045,5.64,8.01,6.75,7.625,9.04,9.77,6.91,7.08,12.55,6.34,5.46
894.7,184.105,PC44:4,DLPC,7.18,6.595,7.13,6.845,4.575,5.65,5.3,5.445,6.63,6.73,5.57,6.25,8.8,5.18,4.575
896.71,184.105,PC44:3,DLPC,20.825,21.715,19.94,26.31,15.82,16.25,18.66,18.805,21.44,22.355,23.52,24.87,27.2,20.65,16.895
898.73,184.105,PC44:2,DLPC,25.76,29.13,26.165,32.34,20.31,20.255,21.315,23.59,27.17,26.225,31.26,29.7,35.95,23.83,20.18
900.74,184.105,PC44:1,DLPC,9.505,9.94,10.1,13.94,7.365,7.985,7.76,7.745,9.94,10.515,11.18,10.38,14.165,8.745,7.205
902.76,184.105,PC44:0,DLPC,4.33,4.125,4.675,3.805,2.72,3.16,2.825,3.065,4.8,4.205,1.55,3.69,5.555,3.25,2.225
